{
  "bits": "10",
  "required_delta_vec": {
    "k": 2,
    "q_neg0": 0.0045950480550527575,
    "q_pos1": 0.009472622070461517,
    "m_pos0": 0.00045950480550527577,
    "m_neg1": 0.0009472622070461517,
    "T_pos0": 0.005054552860558033,
    "T_neg1": 0.010419884277507669,
    "thresholds": {
      "m_pos": [
        0.0017055610418319712,
        0.0009472622070461517
      ],
      "m_neg": [
        0.00045950480550527577,
        0.0018685601456090814
      ]
    },
    "stats_optional": {
      "quantile": 0.99,
      "q_pos": [
        0.01705561041831971,
        0.009472622070461517
      ],
      "q_neg": [
        0.0045950480550527575,
        0.018685601456090814
      ],
      "T_pos": [
        0.01876117146015168,
        0.010419884277507669
      ],
      "T_neg": [
        0.005054552860558033,
        0.020554161601699896
      ]
    },
    "review_stats": {
      "passed_count": 34,
      "failed_reasons": {
        "SyntaxFail: generated code is not valid Java": 16
      }
    }
  },
  "s0": [
    0.03442530333995819,
    0.017968464642763138
  ],
  "s_after": [
    0.04036721587181091,
    0.004706962965428829
  ],
  "trace": [
    {
      "iter": 1,
      "phase": "all",
      "candidates_gains": [
        [
          -0.0017710104584693909,
          -0.0035074427723884583
        ],
        [
          -0.0017822086811065674,
          -0.003062061034142971
        ],
        [
          0.001105722039937973,
          -0.0006716959178447723
        ],
        [
          0.0018335208296775818,
          2.3014843463897705e-05
        ],
        [
          0.002987947314977646,
          -0.0006012711673974991
        ],
        [
          0.0003358013927936554,
          -0.0008770190179347992
        ],
        [
          0.002545814961194992,
          0.0002134423702955246
        ],
        [
          0.0023946017026901245,
          0.0010685995221138
        ],
        [
          0.005412362515926361,
          -0.008414600044488907
        ],
        [
          0.001664724200963974,
          0.0008826814591884613
        ],
        [
          -0.0015789307653903961,
          -0.003117673099040985
        ],
        [
          -2.1830201148986816e-06,
          -0.003444666974246502
        ],
        [
          0.003770872950553894,
          -0.0012398846447467804
        ],
        [
          0.003298923373222351,
          -0.01057945191860199
        ],
        [
          0.004104122519493103,
          0.0049734096974134445
        ],
        [
          0.006705660372972488,
          -0.007740281522274017
        ],
        [
          -0.0031827278435230255,
          -0.012421145103871822
        ],
        [
          0.003412961959838867,
          0.003359142690896988
        ],
        [
          0.00354907289147377,
          -0.004898556508123875
        ],
        [
          0.013309158384799957,
          0.010653767734766006
        ],
        [
          0.005917452275753021,
          -0.01334963459521532
        ],
        [
          0.009413015097379684,
          -0.015937868505716324
        ],
        [
          -0.004743307828903198,
          -0.0036425041034817696
        ],
        [
          0.000655490905046463,
          -0.0029676593840122223
        ],
        [
          -0.0001338087022304535,
          -0.0029839612543582916
        ],
        [
          0.006288543343544006,
          -0.01350929494947195
        ],
        [
          0.005411379039287567,
          -0.0073739271610975266
        ],
        [
          0.0173947811126709,
          -0.018114037811756134
        ],
        [
          0.0021794475615024567,
          0.00014816224575042725
        ],
        [
          0.013424377888441086,
          -0.017989275977015495
        ],
        [
          0.0063329823315143585,
          -0.003506843000650406
        ],
        [
          0.010207265615463257,
          -0.0073607321828603745
        ],
        [
          0.00024145469069480896,
          -0.004305960610508919
        ],
        [
          0.006538081914186478,
          -0.006753231398761272
        ],
        [
          0.003456525504589081,
          -0.006231934763491154
        ],
        [
          -0.0022201575338840485,
          0.0012972354888916016
        ],
        [
          0.0015074312686920166,
          0.0030466467142105103
        ],
        [
          0.005816705524921417,
          -0.01332344301044941
        ],
        [
          0.0083230622112751,
          0.007669705897569656
        ],
        [
          -0.007062587887048721,
          0.00010291486978530884
        ],
        [
          0.005357116460800171,
          -0.01325378380715847
        ]
      ],
      "candidates_scores": [
        0.0022674717474728823,
        0.0019323270535096526,
        0.0007812969852238894,
        0.00045842118561267853,
        0.0012039809953421354,
        0.0007403376512229443,
        0.0006002133595757186,
        0.0003909955848939717,
        0.007566018961369991,
        0.00024386117001995444,
        0.002014550380408764,
        0.0025743148289620876,
        0.0018790335161611438,
        0.008621535263955593,
        4.174362402409315e-05,
        0.007061992771923542,
        0.007151903584599495,
        0.0001900562783703208,
        0.004557733424007893,
        -0.0008543131407350302,
        0.009064889512956142,
        0.009064889512956142,
        0.0017739651957526803,
        0.002383740385994315,
        0.002203630516305566,
        0.009064889512956142,
        0.006788157392293215,
        0.009064889512956142,
        0.000520749541465193,
        0.009064889512956142,
        0.003897665999829769,
        0.006778294686228037,
        0.003279509488493204,
        0.0063242120668292046,
        0.005531009286642075,
        -0.0007034786394797266,
        -0.00022865351638756692,
        0.009064889512956142,
        -0.0002575007965788245,
        -0.001433100551366806,
        0.009064889512956142
      ],
      "candidates_types": [
        "semantic_preserving",
        "semantic_preserving",
        "semantic_preserving",
        "semantic_preserving",
        "semantic_preserving",
        "semantic_preserving",
        "semantic_preserving",
        "semantic_preserving",
        "llm_rewrite",
        "llm_rewrite",
        "llm_rewrite",
        "llm_rewrite",
        "llm_rewrite",
        "llm_rewrite",
        "llm_rewrite",
        "llm_rewrite",
        "llm_rewrite",
        "llm_rewrite",
        "llm_rewrite",
        "llm_rewrite",
        "llm_rewrite",
        "llm_rewrite",
        "llm_rewrite",
        "llm_rewrite",
        "llm_rewrite",
        "llm_rewrite",
        "llm_rewrite",
        "llm_rewrite",
        "llm_rewrite",
        "llm_rewrite",
        "llm_rewrite",
        "llm_rewrite",
        "llm_rewrite",
        "llm_rewrite",
        "llm_rewrite",
        "llm_rewrite",
        "llm_rewrite",
        "llm_rewrite",
        "llm_rewrite",
        "llm_rewrite",
        "llm_rewrite"
      ]
    },
    {
      "iter": 1,
      "phase": "llm_rewrite",
      "accepted_index": 20,
      "gain": [
        0.005917452275753021,
        -0.01334963459521532
      ]
    }
  ],
  "q_neg0": 0.0045950480550527575,
  "q_pos1": 0.009472622070461517,
  "m_pos0": 0.00045950480550527577,
  "m_neg1": 0.0009472622070461517,
  "T_pos0": 0.005054552860558033,
  "T_neg1": 0.010419884277507669
}