{
  "quantile": 0.9,
  "per_bit": [
    0.02397796921432018,
    0.02167885899543762,
    0.022732317447662347,
    0.021604822948575013
  ],
  "scalar": 0.02397796921432018,
  "quantiles": {
    "0.5": {
      "per_bit": [
        -0.0006043631583452225,
        -0.00013136770576238632,
        -0.00017680227756500244,
        -0.0006821360439062119
      ],
      "scalar": -0.00013136770576238632
    },
    "0.55": {
      "per_bit": [
        0.0010868880897760393,
        0.001359648443758488,
        0.001668947562575341,
        0.0008506938815116884
      ],
      "scalar": 0.001668947562575341
    },
    "0.6": {
      "per_bit": [
        0.0030565799213945854,
        0.0031006071716547005,
        0.0036556743085384355,
        0.002409866824746131
      ],
      "scalar": 0.0036556743085384355
    },
    "0.65": {
      "per_bit": [
        0.005105461552739144,
        0.0051625560969114324,
        0.005675670504570008,
        0.004403754044324163
      ],
      "scalar": 0.005675670504570008
    },
    "0.7": {
      "per_bit": [
        0.007155400514602652,
        0.007440050318837161,
        0.007734352350234983,
        0.006764177232980725
      ],
      "scalar": 0.007734352350234983
    },
    "0.75": {
      "per_bit": [
        0.009994499385356903,
        0.009731480851769447,
        0.010327212512493134,
        0.009356025606393814
      ],
      "scalar": 0.010327212512493134
    },
    "0.8": {
      "per_bit": [
        0.01327721774578095,
        0.013109525851905349,
        0.01354925371706486,
        0.012332019768655306
      ],
      "scalar": 0.01354925371706486
    },
    "0.85": {
      "per_bit": [
        0.017362719029188158,
        0.016933866590261464,
        0.017804555222392084,
        0.01633018031716347
      ],
      "scalar": 0.017804555222392084
    },
    "0.9": {
      "per_bit": [
        0.02397796921432018,
        0.02167885899543762,
        0.022732317447662347,
        0.021604822948575013
      ],
      "scalar": 0.02397796921432018
    },
    "0.95": {
      "per_bit": [
        0.033997543156146975,
        0.03130507320165633,
        0.03432465344667434,
        0.029019474983215332
      ],
      "scalar": 0.03432465344667434
    },
    "0.99": {
      "per_bit": [
        0.056380099356174405,
        0.04918576493859276,
        0.05744836345314979,
        0.04845382720231998
      ],
      "scalar": 0.05744836345314979
    }
  }
}