{
  "bits": "10",
  "required_delta_vec": {
    "k": 2,
    "q_neg0": 0.017387614399194715,
    "q_pos1": 0.012242068909108634,
    "m_pos0": 0.0017387614399194716,
    "m_neg1": 0.0012242068909108636,
    "T_pos0": 0.019126375839114185,
    "T_neg1": 0.013466275800019498
  },
  "s0": [
    -0.02297712303698063,
    -0.023143025115132332
  ],
  "s_after": [
    0.004262776114046574,
    -0.057173050940036774
  ],
  "trace": [
    {
      "iter": 1,
      "phase": "all",
      "candidates_gains": [
        [
          -0.00881933979690075,
          0.0014346204698085785
        ],
        [
          0.005449056625366211,
          -0.021012553945183754
        ],
        [
          -0.0048372093588113785,
          -0.00024541281163692474
        ],
        [
          0.023668117821216583,
          -0.04236932098865509
        ],
        [
          0.008013957180082798,
          -0.01925579272210598
        ],
        [
          0.01946764439344406,
          -0.02985081635415554
        ],
        [
          0.0038386862725019455,
          -0.03232833743095398
        ],
        [
          0.01001095399260521,
          -0.030922846868634224
        ],
        [
          0.014284610748291016,
          -0.032082974910736084
        ],
        [
          -0.012321712449193,
          -0.03554806858301163
        ],
        [
          0.0018423106521368027,
          -0.014129100367426872
        ],
        [
          -0.009350506588816643,
          -0.008550634607672691
        ],
        [
          0.014141412451863289,
          -0.03811162710189819
        ],
        [
          0.020226219668984413,
          -0.025858348235487938
        ],
        [
          0.027232130989432335,
          -0.03385036438703537
        ],
        [
          0.0050014927983284,
          -0.030142994597554207
        ],
        [
          0.014978406950831413,
          -0.015142610296607018
        ],
        [
          0.015855735167860985,
          -0.035099707543849945
        ],
        [
          0.013121804222464561,
          -0.029251808300614357
        ],
        [
          0.009425335563719273,
          -0.031934015452861786
        ],
        [
          -0.0025097671896219254,
          -0.04326406866312027
        ],
        [
          0.006490565836429596,
          -0.027406541630625725
        ],
        [
          0.0027780309319496155,
          5.459412932395935e-05
        ],
        [
          0.008383973501622677,
          -0.043949395418167114
        ],
        [
          -0.008759213611483574,
          -0.04275728762149811
        ],
        [
          0.001116262748837471,
          -0.025420384481549263
        ],
        [
          0.0035005006939172745,
          -0.025409875437617302
        ],
        [
          -0.006465069949626923,
          0.001728234812617302
        ],
        [
          0.0024692993611097336,
          -0.03937789797782898
        ],
        [
          0.015466869808733463,
          -0.034758761525154114
        ],
        [
          -0.0059940405189991,
          -0.00028989650309085846
        ],
        [
          -0.006992459297180176,
          -0.000478869304060936
        ],
        [
          0.03661535680294037,
          0.004772063344717026
        ],
        [
          0.02691992186009884,
          0.00863003171980381
        ],
        [
          -0.0077894870191812515,
          -0.0013638213276863098
        ],
        [
          -0.010734954848885536,
          0.004560621455311775
        ],
        [
          -0.0026156045496463776,
          -0.0030666161328554153
        ],
        [
          0.012929001823067665,
          0.012719368562102318
        ],
        [
          0.02863573282957077,
          0.011859675869345665
        ],
        [
          0.0006060171872377396,
          0.006529791280627251
        ],
        [
          -0.007533766329288483,
          0.003055766224861145
        ],
        [
          -0.007479516789317131,
          0.013027044013142586
        ],
        [
          -0.010554438456892967,
          0.004001399502158165
        ],
        [
          -0.019063277170062065,
          -0.017626939341425896
        ],
        [
          -0.012405501678586006,
          0.00027481094002723694
        ],
        [
          0.00844235997647047,
          -0.0023408643901348114
        ],
        [
          -0.001146184280514717,
          0.010024355724453926
        ],
        [
          -0.003236709162592888,
          0.008762815967202187
        ],
        [
          0.0068364497274160385,
          0.001473190262913704
        ],
        [
          -0.011518845334649086,
          0.0010812580585479736
        ],
        [
          0.013167445547878742,
          0.00837435107678175
        ],
        [
          -0.0057096462696790695,
          0.0007281582802534103
        ],
        [
          -0.017742982134222984,
          0.011746084317564964
        ],
        [
          -0.0020701345056295395,
          -0.0005284491926431656
        ],
        [
          -0.0067073870450258255,
          0.008560888469219208
        ],
        [
          0.02662491798400879,
          -0.0063830409198999405
        ],
        [
          -0.022246962413191795,
          -0.033252909779548645
        ],
        [
          -0.016639744862914085,
          0.0018228460103273392
        ],
        [
          -0.013236859813332558,
          0.0029682721942663193
        ],
        [
          -0.013059979304671288,
          0.012150153517723083
        ],
        [
          -0.00476527214050293,
          -0.009260473772883415
        ],
        [
          -0.014742059633135796,
          0.012446466833353043
        ],
        [
          -0.028392368927598,
          0.004983970895409584
        ]
      ],
      "candidates_scores": [
        -0.0020507920999079943,
        0.00842643715441227,
        -0.0008763017831370234,
        0.017024312168359756,
        0.010038793087005615,
        0.017024312168359756,
        0.007414121646434069,
        0.011294150725007057,
        0.013980668969452381,
        0.002536692889407277,
        0.006159154232591391,
        0.0013053887523710728,
        0.013890651054680347,
        0.017024312168359756,
        0.017024312168359756,
        0.008145088329911232,
        0.014416804537177086,
        0.01496831327676773,
        0.01324970182031393,
        0.01092601753771305,
        0.004499081987887621,
        0.009081153199076653,
        0.0017354149604216218,
        0.01027139276266098,
        0.0032491926103830338,
        0.005702743772417307,
        0.007201530039310455,
        -0.001638661022298038,
        0.00655329367145896,
        0.014723863452672958,
        -0.0010911477729678154,
        -0.0012206519022583961,
        0.011068864725530148,
        0.01029727142304182,
        -0.0010514085879549384,
        -0.0030591152608394623,
        0.0006157429306767881,
        0.005583592690527439,
        0.009651342406868935,
        -0.0009250019793398678,
        -0.002117906464263797,
        -0.004101312253624201,
        -0.002911167684942484,
        0.0011883799452334642,
        -0.002536062616854906,
        0.006176398601382971,
        -0.0022341080475598574,
        -0.0023999051190912724,
        0.004002911038696766,
        -0.002520020818337798,
        0.006602487526834011,
        -0.001287560909986496,
        -0.005897813476622105,
        -0.00021777419897262007,
        -0.0030536551494151354,
        0.014393778517842293,
        0.0005516428500413895,
        -0.0036925182212144136,
        -0.003241026308387518,
        -0.005042026750743389,
        0.002486051991581917,
        -0.0054377056658267975,
        -0.006675268057733774
      ],