{
  "finetuned_codet5": {
    "threshold": -1.0,
    "metrics": {
      "accuracy": 0.5043347782594199,
      "precision": 0.5043347782594199,
      "recall": 1.0,
      "f1": 0.6705086999889172,
      "auc": 0.011053086594780017
    },
    "description": "微调后的CodeT5模型",
    "score_stats": {
      "min": 0.06782927364110947,
      "max": 1.0000001192092896,
      "mean": 0.9118574857711792,
      "std": 0.1615547388792038,
      "quantiles": {
        "10%": 0.6706967413425446,
        "25%": 0.9066534489393234,
        "50%": 0.9967530965805054,
        "75%": 0.9996773302555084,
        "90%": 0.9998838901519775
      }
    },
    "val_metrics": {
      "accuracy": 0.6043333333333333,
      "precision": 0.6043333333333333,
      "recall": 1.0,
      "f1": 0.753376272595055,
      "auc": 0.01573955022023382
    }
  }
}