{
  "bits": "10",
  "required_delta_vec": {
    "k": 2,
    "q_neg0": 0.014218046097084878,
    "q_pos1": 0.010606219992041586,
    "m_pos0": 0.001421804609708488,
    "m_neg1": 0.0010606219992041587,
    "T_pos0": 0.015639850706793367,
    "T_neg1": 0.011666841991245744
  },
  "s0": [
    0.002345084212720394,
    0.037352077662944794
  ],
  "s_after": [
    0.0274905264377594,
    0.023936977609992027
  ],
  "trace": [
    {
      "iter": 1,
      "phase": "all",
      "candidates_gains": [
        [
          0.03974703699350357,
          -0.005997918546199799
        ],
        [
          -0.0085220355540514,
          -0.006933147087693214
        ],
        [
          0.022232044488191605,
          -0.00046946853399276733
        ],
        [
          0.0391610786318779,
          0.006367649883031845
        ],
        [
          0.025983963161706924,
          -0.0034706369042396545
        ],
        [
          0.0349486842751503,
          0.0022101327776908875
        ],
        [
          0.028551727533340454,
          0.002152487635612488
        ],
        [
          0.039671849459409714,
          0.0012105926871299744
        ],
        [
          -0.001298719085752964,
          0.004921868443489075
        ],
        [
          -0.0038965772837400436,
          -0.0037641488015651703
        ],
        [
          0.039827749133110046,
          -0.00014840811491012573
        ],
        [
          0.03694514185190201,
          0.008549779653549194
        ],
        [
          0.03079826757311821,
          0.009325996041297913
        ],
        [
          -0.0049029188230633736,
          -0.004647467285394669
        ],
        [
          -0.014563766308128834,
          -0.009375417605042458
        ],
        [
          0.03621729463338852,
          -0.0005624480545520782
        ],
        [
          0.022493228316307068,
          0.005567651242017746
        ],
        [
          0.02913426235318184,
          0.004873108118772507
        ],
        [
          -0.0022841785103082657,
          0.001317780464887619
        ],
        [
          -0.0028197476640343666,
          -0.005487687885761261
        ],
        [
          0.025291260331869125,
          -0.013600017875432968
        ],
        [
          0.034586913883686066,
          -0.007965322583913803
        ],
        [
          0.03503840044140816,
          0.0013745985925197601
        ],
        [
          -0.0077948858961462975,
          -0.0019693486392498016
        ],
        [
          0.022777236998081207,
          -0.009313525632023811
        ],
        [
          0.00013040099292993546,
          0.006384015083312988
        ],
        [
          0.03355693817138672,
          -0.0016726143658161163
        ],
        [
          -0.00474156066775322,
          0.0025522448122501373
        ],
        [
          0.03503187373280525,
          0.006448779255151749
        ],
        [
          0.039656441658735275,
          -0.007162423804402351
        ],
        [
          -0.0120353689417243,
          -0.008629605174064636
        ],
        [
          -0.0008092131465673447,
          -0.0064836665987968445
        ],
        [
          -0.005044934339821339,
          0.002261228859424591
        ],
        [
          -0.0035384539514780045,
          0.0032115206122398376
        ],
        [
          -0.009630652144551277,
          0.004327937960624695
        ],
        [
          -0.007304920814931393,
          0.0027573183178901672
        ],
        [
          -0.005424961447715759,
          0.003223307430744171
        ],
        [
          -0.00943413283675909,
          0.004332706332206726
        ],
        [
          -0.011257446371018887,
          -0.003766704350709915
        ],
        [
          -0.011833216063678265,
          0.0020261406898498535
        ],
        [
          -0.010947615839540958,
          -0.002592138946056366
        ],
        [
          -0.0058830855414271355,
          0.0028649643063545227
        ],
        [
          -0.009263220243155956,
          0.0011872649192810059
        ],
        [
          -0.004566042684018612,
          0.002319522202014923
        ],
        [
          -0.003099646419286728,
          0.002378113567829132
        ],
        [
          -0.007968097925186157,
          -0.012314382940530777
        ],
        [
          -0.005860922858119011,
          0.0046534910798072815
        ],
        [
          -0.0037930309772491455,
          0.0031471475958824158
        ],
        [
          -0.0077564287930727005,
          0.0028293095529079437
        ],
        [
          -0.004857686348259449,
          -0.0014123506844043732
        ],
        [
          -0.012866140343248844,
          0.008636526763439178
        ],
        [
          -0.013280036859214306,
          0.004965115338563919
        ],
        [
          -0.013411036692559719,
          0.005156606435775757
        ],
        [
          -0.007920783013105392,
          0.0024778470396995544
        ],
        [
          -0.008542018942534924,
          0.0033137351274490356
        ],
        [
          -0.012072865851223469,
          0.005575563758611679
        ],
        [
          -0.009463991038501263,
          0.0050407759845256805
        ],
        [
          -0.015581498853862286,
          0.005493398755788803
        ],
        [
          -0.013706081546843052,
          0.0011852532625198364
        ],
        [
          -0.012237812392413616,
          0.00526321679353714
        ],
        [
          -0.013986843638122082,
          0.004593417048454285
        ],
        [
          -0.010110786184668541,
          0.004227723926305771
        ],
        [
          -0.007042122073471546,
          0.00585656613111496
        ],
        [
          -0.011004573665559292,
          0.0027703680098056793
        ],
        [
          -0.00019497377797961235,
          0.009896088391542435
        ],
        [
          -0.009999140165746212,
          0.00391649454832077
        ],
        [
          -0.007373782806098461,
          0.011417437344789505
        ]
      ],