{
  "bits": "10",
  "required_delta_vec": {
    "k": 2,
    "q_neg0": 0.05180973112583161,
    "q_pos1": 0.0,
    "m_pos0": 0.005180973112583161,
    "m_neg1": 0.0,
    "T_pos0": 0.05699070423841477,
    "T_neg1": 0.0,
    "thresholds": {
      "m_pos": [
        0.0,
        0.0
      ],
      "m_neg": [
        0.005180973112583161,
        0.0024821678549051284
      ]
    },
    "stats_optional": {
      "quantile": 0.95,
      "q_pos": [
        0.0,
        0.0
      ],
      "q_neg": [
        0.05180973112583161,
        0.024821678549051283
      ],
      "T_pos": [
        0.0,
        0.0
      ],
      "T_neg": [
        0.05699070423841477,
        0.027303846403956413
      ]
    }
  },
  "s0": [
    0.06374485790729523,
    0.017495717853307724
  ],
  "s_after": [
    0.06374485790729523,
    0.017495717853307724
  ],
  "trace": [
    {
      "iter": 1,
      "phase": "all",
      "candidates_gains": [
        [
          -0.01662607491016388,
          -0.0205596461892128
        ],
        [
          -0.019632242619991302,
          -0.012940200977027416
        ],
        [
          -0.02948448807001114,
          -0.010527885518968105
        ],
        [
          -0.022787880152463913,
          -0.022059151902794838
        ],
        [
          -0.018943309783935547,
          -0.014061033725738525
        ],
        [
          -0.04182972013950348,
          -0.012970968149602413
        ],
        [
          -0.02012656256556511,
          -0.0066823288798332214
        ]
      ],
      "candidates_scores": [
        -0.0033252150751650333,
        -0.0039264485239982605,
        -0.00589689752086997,
        -0.004557576030492783,
        -0.0037886619102209806,
        -0.008365944027900696,
        -0.004025312606245279
      ],
      "candidates_types": [
        "llm_rewrite",
        "llm_rewrite",
        "llm_rewrite",
        "llm_rewrite",
        "llm_rewrite",
        "llm_rewrite",
        "llm_rewrite"
      ]
    }
  ],
  "q_neg0": 0.05180973112583161,
  "q_pos1": 0.0,
  "m_pos0": 0.005180973112583161,
  "m_neg1": 0.0,
  "T_pos0": 0.05699070423841477,
  "T_neg1": 0.0
}