{
  "bits": "10",
  "required_delta_vec": {
    "k": 2,
    "q_neg0": 0.02941789381206036,
    "q_pos1": 0.0,
    "m_pos0": 0.002941789381206036,
    "m_neg1": 0.0,
    "T_pos0": 0.032359683193266396,
    "T_neg1": 0.0,
    "thresholds": {
      "m_pos": [
        0.0005789769440889381,
        0.0
      ],
      "m_neg": [
        0.002941789381206036,
        0.00452184009179473
      ]
    },
    "stats_optional": {
      "quantile": 0.99,
      "q_pos": [
        0.005789769440889381,
        0.0
      ],
      "q_neg": [
        0.02941789381206036,
        0.04521840091794729
      ],
      "T_pos": [
        0.006368746384978319,
        0.0
      ],
      "T_neg": [
        0.032359683193266396,
        0.049740241009742024
      ]
    },
    "review_stats": {
      "passed_count": 42,
      "failed_reasons": {
        "SyntaxFail: generated code is not valid Java": 8
      }
    }
  },
  "s0": [
    0.041460856795310974,
    0.03126329928636551
  ],
  "s_after": [
    0.09405062347650528,
    0.006005299277603626
  ],
  "trace": [
    {
      "iter": 1,
      "phase": "all",
      "candidates_gains": [
        [
          -0.00399978831410408,
          0.0003839060664176941
        ],
        [
          -0.005946073681116104,
          -0.008196773007512093
        ],
        [
          -0.001267794519662857,
          -0.002527201548218727
        ],
        [
          -0.0010363943874835968,
          -0.004372220486402512
        ],
        [
          -0.0059080347418785095,
          0.0019013956189155579
        ],
        [
          -0.0025159120559692383,
          -0.006310608237981796
        ],
        [
          -0.008707590401172638,
          0.0023948103189468384
        ],
        [
          -0.007518507540225983,
          -0.010872496291995049
        ],
        [
          -0.01040007546544075,
          -0.02172684669494629
        ],
        [
          -0.008014228194952011,
          -0.04211205244064331
        ],
        [
          -0.018912646919488907,
          -0.018083631992340088
        ],
        [
          -0.008774854242801666,
          -0.029773488640785217
        ],
        [
          -0.012098075821995735,
          -0.019054977223277092
        ],
        [
          0.00451786071062088,
          -0.02822631224989891
        ],
        [
          -0.012721491977572441,
          -0.020766815170645714
        ],
        [
          -0.024512972682714462,
          -0.023028841242194176
        ],
        [
          -0.00343109667301178,
          -0.025784272700548172
        ],
        [
          -0.008473586291074753,
          -0.0240767989307642
        ],
        [
          0.01506245881319046,
          -0.014452680945396423
        ],
        [
          -0.010922811925411224,
          -0.023682627826929092
        ],
        [
          -0.015294287353754044,
          -0.039416324347257614
        ],
        [
          -0.006611257791519165,
          -0.023149318993091583
        ],
        [
          -0.03340495377779007,
          -0.02149210125207901
        ],
        [
          -0.00996345654129982,
          -0.021284662187099457
        ],
        [
          -0.010704312473535538,
          -0.022215019911527634
        ],
        [
          0.013025745749473572,
          -0.011260265484452248
        ],
        [
          -0.016918528825044632,
          -0.043870456516742706
        ],
        [
          -0.020022716373205185,
          -0.030207838863134384
        ],
        [
          -0.018306750804185867,
          -0.012910950928926468
        ],
        [
          0.010676361620426178,
          -0.010126058012247086
        ],
        [
          -0.0063482895493507385,
          -0.030006933957338333
        ],
        [
          -0.02191288396716118,
          -0.016614751890301704
        ],
        [
          -0.010550472885370255,
          -0.024230366572737694
        ],
        [
          -0.001741565763950348,
          -0.02592102438211441
        ],
        [
          -0.02020157501101494,
          -0.03685508668422699
        ],
        [
          -0.000784359872341156,
          -0.039277948439121246
        ],
        [
          0.009684290736913681,
          -0.036691755056381226
        ],
        [
          -0.0072559937834739685,
          -0.03154579550027847
        ],
        [
          -0.000993281602859497,
          -0.025849275290966034
        ],
        [
          -0.00903915986418724,
          -0.04060891270637512
        ],
        [
          -0.01517045684158802,
          -0.03249688073992729
        ],
        [
          -0.016102703288197517,
          -0.013284547254443169
        ],
        [
          -0.00710679218173027,
          -0.02452232502400875
        ],
        [
          -0.01109255664050579,
          -0.022234724834561348
        ],
        [
          -0.02048506587743759,
          -0.015188828110694885
        ]
      ],
      "candidates_scores": [
        -0.0008767388644628227,
        -0.0011892147595062852,
        -0.0002535589155741036,
        -0.00020727887749671936,
        -0.001561886165291071,
        -0.0005031824111938477,
        -0.0022204802371561527,
        -0.0015037015546113253,
        -0.0020800151396542788,
        -0.0016028456157073379,
        -0.0037825293838977814,
        -0.0017549708718433976,
        -0.002419615164399147,
        0.004517853260040283,
        -0.0025442985352128744,
        -0.004902594722807407,
        -0.0006862193695269525,
        -0.0016947173280641437,
        0.015062433667480946,
        -0.002184562385082245,
        -0.0030588575173169374,
        -0.001322251628153026,
        -0.006680991034954786,
        -0.001992691308259964,
        -0.0021408626344054937,
        0.013025724329054356,
        -0.003383705858141184,
        -0.0040045431815087795,
        -0.0036613501142710447,
        0.01067634392529726,
        -0.0012696579797193408,
        -0.004382576793432236,
        -0.002110094530507922,
        -0.00034831315861083567,
        -0.00404031528159976,
        -0.0001568719744682312,
        0.009684274904429913,
        -0.0014511988265439868,
        -0.00019865632930304855,
        -0.0018078320426866412,
        -0.0030340913217514753,
        -0.003220540704205632,
        -0.001421358436346054,
        -0.0022185114212334156,
        -0.004097013268619776
      ],
      "candidates_types": [
        "semantic_preserving",
        "semantic_preserving",
        "semantic_preserving",
        "semantic_preserving",
        "semantic_preserving",
        "semantic_preserving",
        "semantic_preserving",
        "semantic_preserving",
        "llm_rewrite",
        "llm_rewrite",
        "llm_rewrite",
        "llm_rewrite",
        "llm_rewrite",
        "llm_rewrite",
        "llm_rewrite",
        "llm_rewrite",
        "llm_rewrite",
        "llm_rewrite",
        "llm_rewrite",
        "llm_rewrite",
        "llm_rewrite",
        "llm_rewrite",
        "llm_rewrite",
        "llm_rewrite",
        "llm_rewrite",
        "llm_rewrite",
        "llm_rewrite",
        "llm_rewrite",
        "llm_rewrite",
        "llm_rewrite",
        "llm_rewrite",
        "llm_rewrite",
        "llm_rewrite",
        "llm_rewrite",
        "llm_rewrite",
        "llm_rewrite",
        "llm_rewrite",
        "llm_rewrite",
        "llm_rewrite",
        "llm_rewrite",
        "llm_rewrite",
        "llm_rewrite",
        "llm_rewrite",
        "llm_rewrite",
        "llm_rewrite"
      ]
    },
    {
      "iter": 1,
      "phase": "llm_rewrite",
      "accepted_index": 18,
      "gain": [
        0.01506245881319046,
        -0.014452680945396423
      ]
    },
    {
      "iter": 2,
      "phase": "all",