{
  "bits": "10",
  "required_delta_vec": {
    "k": 2,
    "q_neg0": 0.0,
    "q_pos1": 0.0,
    "m_pos0": 0.0,
    "m_neg1": 0.0,
    "T_pos0": 0.0,
    "T_neg1": 0.0,
    "thresholds": {
      "m_pos": [
        0.0,
        0.0
      ],
      "m_neg": [
        0.0,
        0.0
      ]
    },
    "stats_optional": {
      "quantile": 0.95,
      "q_pos": [
        0.0,
        0.0
      ],
      "q_neg": [
        0.0,
        0.0
      ],
      "T_pos": [
        0.0,
        0.0
      ],
      "T_neg": [
        0.0,
        0.0
      ]
    }
  },
  "s0": [
    0.037643954157829285,
    -0.031067313626408577
  ],
  "s_after": [
    0.037643954157829285,
    -0.031067313626408577
  ],
  "trace": [],
  "q_neg0": 0.0,
  "q_pos1": 0.0,
  "m_pos0": 0.0,
  "m_neg1": 0.0,
  "T_pos0": 0.0,
  "T_neg1": 0.0
}