{
  "bits": "10",
  "required_delta_vec": {
    "k": 2,
    "q_neg0": 0.049412764608860016,
    "q_pos1": 0.0,
    "m_pos0": 0.004941276460886002,
    "m_neg1": 0.0,
    "T_pos0": 0.05435404106974602,
    "T_neg1": 0.0,
    "thresholds": {
      "m_pos": [
        0.0,
        0.0
      ],
      "m_neg": [
        0.004941276460886002,
        0.0004678029101341963
      ]
    },
    "stats_optional": {
      "quantile": 0.95,
      "q_pos": [
        0.0,
        0.0
      ],
      "q_neg": [
        0.049412764608860016,
        0.004678029101341963
      ],
      "T_pos": [
        0.0,
        0.0
      ],
      "T_neg": [
        0.05435404106974602,
        0.005145832011476159
      ]
    }
  },
  "s0": [
    -0.03410544991493225,
    0.000882868655025959
  ],
  "s_after": [
    -0.03410544991493225,
    0.000882868655025959
  ],
  "trace": [],
  "q_neg0": 0.049412764608860016,
  "q_pos1": 0.0,
  "m_pos0": 0.004941276460886002,
  "m_neg1": 0.0,
  "T_pos0": 0.05435404106974602,
  "T_neg1": 0.0
}