{
  "bits": "10",
  "required_delta_vec": {
    "k": 2,
    "q_neg0": 0.027979658171534534,
    "q_pos1": 0.02951250700280068,
    "m_pos0": 0.0027979658171534538,
    "m_neg1": 0.002951250700280068,
    "T_pos0": 0.03077762398868799,
    "T_neg1": 0.03246375770308075
  },
  "s0": [
    -0.03410544991493225,
    0.000882868655025959
  ],
  "s_after": [
    0.013540486805140972,
    -0.03404857963323593
  ],
  "trace": [
    {
      "iter": 1,
      "phase": "all",
      "candidates_gains": [
        [
          0.021128132939338684,
          0.00736165139824152
        ],
        [
          0.0010134056210517883,
          -0.0022870907559990883
        ],
        [
          0.05218993127346039,
          0.02166156843304634
        ],
        [
          0.018191620707511902,
          0.015571159310638905
        ],
        [
          -0.005154356360435486,
          -0.008496440015733242
        ],
        [
          0.017211172729730606,
          0.006817941553890705
        ],
        [
          -0.022283662110567093,
          -0.010205571539700031
        ],
        [
          0.02424413338303566,
          -0.004853288643062115
        ],
        [
          0.05902242660522461,
          0.02487984299659729
        ],
        [
          0.02037767507135868,
          0.0014707716181874275
        ],
        [
          0.04176750034093857,
          0.009027923457324505
        ],
        [
          0.029108494520187378,
          -0.0029102182015776634
        ],
        [
          -0.014744795858860016,
          -0.008632865734398365
        ],
        [
          0.05833297595381737,
          0.02415947988629341
        ],
        [
          0.03022853657603264,
          0.011098216287791729
        ],
        [
          0.03468885272741318,
          0.010562543757259846
        ],
        [
          0.032301727682352066,
          -0.007164300419390202
        ],
        [
          0.0244782455265522,
          0.000873505137860775
        ],
        [
          0.03083803690969944,
          0.01083463616669178
        ],
        [
          0.04193330928683281,
          -0.009008207358419895
        ],
        [
          0.04231113940477371,
          0.008232934400439262
        ],
        [
          0.014945458620786667,
          0.006189241074025631
        ],
        [
          0.042357560247182846,
          0.014886080287396908
        ],
        [
          0.053533732891082764,
          0.0036804499104619026
        ],
        [
          0.02409694343805313,
          -0.013911782763898373
        ],
        [
          -0.020442631095647812,
          -0.004378470592200756
        ],
        [
          0.025459475815296173,
          -0.001544681377708912
        ],
        [
          -0.003461528569459915,
          -0.007909699343144894
        ],
        [
          0.04939989000558853,
          0.008011502213776112
        ],
        [
          0.022199183702468872,
          0.0026399483904242516
        ],
        [
          0.0047105662524700165,
          0.004638310521841049
        ],
        [
          -0.013993963599205017,
          -0.012465372681617737
        ],
        [
          -0.02255069836974144,
          -0.016183124855160713
        ],
        [
          0.00047190114855766296,
          0.007280957885086536
        ],
        [
          -0.020907513797283173,
          -0.014501046389341354
        ],
        [
          0.0006351880729198456,
          0.008923294954001904
        ],
        [
          0.0032681934535503387,
          -0.002818913199007511
        ],
        [
          -0.014775551855564117,
          -0.010997527278959751
        ],
        [
          -0.012003496289253235,
          -0.013494945131242275
        ],
        [
          -0.0017502754926681519,
          0.00046658609062433243
        ],
        [
          -0.02206726372241974,
          -0.018248453736305237
        ],
        [
          -0.02433498203754425,
          -0.01993459463119507
        ],
        [
          -0.018477700650691986,
          -0.0170244500041008
        ],
        [
          0.014453427866101265,
          -0.010223503224551678
        ],
        [
          -0.019910726696252823,
          -0.0114832054823637
        ],
        [
          -0.02840433269739151,
          -0.006497000344097614
        ],
        [
          -0.009381793439388275,
          -0.004450392909348011
        ],
        [
          -0.013729125261306763,
          -0.020333167165517807
        ],
        [
          -0.003608211874961853,
          -0.01882447674870491
        ],
        [
          -0.04873175173997879,
          -0.005007104016840458
        ],
        [
          -0.028602823615074158,
          -0.006463978905230761
        ],
        [
          -0.024373352527618408,
          0.00034201331436634064
        ],
        [
          -0.01975143328309059,
          -0.01972302794456482
        ],
        [
          -0.026050783693790436,
          -0.010219869203865528
        ],
        [
          -0.005818769335746765,
          -0.014362471178174019
        ],
        [
          -0.027232840657234192,
          -0.023289412260055542
        ],
        [
          -0.020861711353063583,
          -0.020273488014936447
        ]
      ],
      "candidates_scores": [
        0.00866936519742012,
        0.001675708219408989,
        0.01044122502207756,
        0.005617910996079445,
        0.003387192729860544,
        0.006897930987179279,
        0.0008500628173351288,
        0.0141610661521554,
        0.00979757122695446,
        0.009487314149737358,
        0.012967954389750957,
        0.015485626645386219,
        0.0015400450211018324,
        0.009941643103957176,
        0.012290328741073608,
        0.012661030516028404,
        0.01849890500307083,
        0.011575078591704369,
        0.012606611475348473,
        0.01945771649479866,
        0.013126952573657036,
        0.005936107598245144,
        0.011796323582530022,
        0.014037448912858963,
        0.01880073919892311,
        -0.0018117651343345642,
        0.013023998588323593,
        0.003420659340918064,
        0.013171238824725151,
        0.010127820074558258,
        0.0013334524119272828,
        0.0036830769386142492,
        0.003904924262315035,
        -0.0012296747881919146,
        0.0033588968217372894,
        -0.0014797629555687308,
        0.0030345693230628967,
        0.002763494150713086,
        0.004616537131369114,
        -0.00044337232247926295,
        0.005075560882687569,
        0.005498794373124838,
        0.005157004110515118,
        0.012253896333277225,
        0.001989006996154785,
        -0.00230249110609293,
        0.0004378011217340827,
        0.007827219553291798,
        0.009066897444427013,
        -0.00714270630851388,
        -0.0023593599908053875,
        -0.004943073261529207,
        0.006305491551756859,
        0.00010407296940684319,
        0.006304588168859482,
        0.00666369404643774,
        0.006369669456034899
      ],