{
  "bits": "10",
  "required_delta_vec": {
    "k": 2,
    "q_neg0": 0.007287713699042797,
    "q_pos1": 0.011100818589329717,
    "m_pos0": 0.0007287713699042798,
    "m_neg1": 0.0011100818589329718,
    "T_pos0": 0.008016485068947077,
    "T_neg1": 0.01221090044826269
  },
  "s0": [
    -0.027711868286132812,
    0.048969581723213196
  ],
  "s_after": [
    -0.010055764578282833,
    0.029670655727386475
  ],
  "trace": [
    {
      "iter": 1,
      "phase": "all",
      "candidates_gains": [
        [
          0.026290632784366608,
          -0.006155721843242645
        ],
        [
          -0.00949878990650177,
          -0.012795530259609222
        ],
        [
          0.027190564200282097,
          -0.014261133968830109
        ],
        [
          0.01902596652507782,
          -0.03065274842083454
        ],
        [
          0.018930435180664062,
          -0.025913076475262642
        ],
        [
          0.009737109765410423,
          -0.02822115458548069
        ],
        [
          0.020969470962882042,
          -0.01683104783296585
        ],
        [
          0.01638512872159481,
          -0.010722842067480087
        ],
        [
          0.026602281257510185,
          -0.01147470623254776
        ],
        [
          0.034881070256233215,
          -0.0004463791847229004
        ],
        [
          0.017469294369220734,
          -0.019287684932351112
        ],
        [
          0.01930716633796692,
          0.002106335014104843
        ],
        [
          0.03129424899816513,
          -0.0008885376155376434
        ],
        [
          0.003665594384074211,
          0.0008747167885303497
        ],
        [
          0.018574554473161697,
          -0.007014583796262741
        ],
        [
          0.023678457364439964,
          0.008991818875074387
        ],
        [
          0.010783839970827103,
          -0.017149630934000015
        ],
        [
          0.00042403489351272583,
          -0.019766954705119133
        ],
        [
          0.017941538244485855,
          0.011888992041349411
        ],
        [
          0.004764225333929062,
          -0.0014731213450431824
        ],
        [
          0.018420182168483734,
          -0.012693312019109726
        ],
        [
          0.005039032548666,
          -0.010079003870487213
        ],
        [
          0.03002607449889183,
          -0.0099259652197361
        ],
        [
          0.024012263864278793,
          -0.0016656778752803802
        ],
        [
          0.018937500193715096,
          -0.008376426994800568
        ],
        [
          0.03816553205251694,
          -0.003124527633190155
        ],
        [
          0.023768501356244087,
          -0.007308781147003174
        ],
        [
          0.011884979903697968,
          -0.007710222154855728
        ],
        [
          0.023647628724575043,
          -0.005898304283618927
        ],
        [
          0.01865610107779503,
          -0.008952990174293518
        ],
        [
          0.011257445439696312,
          -0.016431685537099838
        ],
        [
          0.007949508726596832,
          0.002571381628513336
        ],
        [
          0.003272468224167824,
          0.011833865195512772
        ],
        [
          0.002034362405538559,
          0.013489291071891785
        ],
        [
          0.0030938051640987396,
          0.005730025470256805
        ],
        [
          0.009662454947829247,
          0.002332434058189392
        ],
        [
          0.0015985909849405289,
          -0.008205704391002655
        ],
        [
          0.010661348700523376,
          -0.016539178788661957
        ],
        [
          0.011366209015250206,
          0.011202871799468994
        ],
        [
          0.007185889407992363,
          0.006030488759279251
        ],
        [
          0.013545408844947815,
          0.01141057163476944
        ],
        [
          0.010163564234972,
          0.012236010283231735
        ],
        [
          0.009424705058336258,
          0.012212786823511124
        ],
        [
          -0.0034519992768764496,
          -0.0007581785321235657
        ],
        [
          0.0004665255546569824,
          -0.00974252074956894
        ],
        [
          0.00956248864531517,
          0.011697538197040558
        ],
        [
          0.000567510724067688,
          0.0032305046916007996
        ],
        [
          -0.005307890474796295,
          -0.009066019207239151
        ],
        [
          0.004403609782457352,
          0.0015529990196228027
        ],
        [
          0.0015949215739965439,
          -0.006715260446071625
        ],
        [
          -3.0878931283950806e-05,
          0.0035641975700855255
        ],
        [
          0.005974996834993362,
          -0.0007179267704486847
        ],
        [
          -0.002786867320537567,
          -0.013240553438663483
        ],
        [
          0.011390816420316696,
          0.01262769103050232
        ],
        [
          0.010702358558773994,
          -0.005339473485946655
        ],
        [
          0.004626721143722534,
          0.003780558705329895
        ],
        [
          -0.0012455042451620102,
          -0.002467181533575058
        ],
        [
          -0.009266510605812073,
          -0.005644660443067551
        ],
        [
          -0.004962462931871414,
          0.002318829298019409
        ],
        [
          -0.0006157904863357544,
          0.004304617643356323
        ],
        [
          0.0016223937273025513,
          0.013313036412000656
        ],
        [
          0.005101626738905907,
          0.006077919155359268
        ],
        [
          -0.0001786947250366211,
          0.002133462578058243
        ],
        [
          -0.0010738223791122437,
          -0.003044579178094864
        ],
        [
          -0.0039443932473659515,
          0.0025500208139419556
        ],
        [
          -0.007853537797927856,
          -0.001978997141122818
        ]
      ],