{
  "bits": "10",
  "required_delta_vec": {
    "k": 2,
    "q_neg0": 0.01625005006790161,
    "q_pos1": 0.027705951966345305,
    "m_pos0": 0.001625005006790161,
    "m_neg1": 0.0027705951966345305,
    "T_pos0": 0.01787505507469177,
    "T_neg1": 0.030476547162979838,
    "thresholds": {
      "m_pos": [
        0.0014132755529135432,
        0.0027705951966345305
      ],
      "m_neg": [
        0.001625005006790161,
        0.0008079110272228714
      ]
    },
    "stats_optional": {
      "quantile": 0.95,
      "q_pos": [
        0.01413275552913543,
        0.027705951966345305
      ],
      "q_neg": [
        0.01625005006790161,
        0.008079110272228714
      ],
      "T_pos": [
        0.015546031082048974,
        0.030476547162979838
      ],
      "T_neg": [
        0.01787505507469177,
        0.008887021299451585
      ]
    },
    "review_stats": {
      "passed_count": 18,
      "failed_reasons": {
        "SyntaxFail: generated code is not valid Java": 31,
        "所有API调用重试都失败": 1
      }
    }
  },
  "s0": [
    -0.0399341955780983,
    -0.006405288353562355
  ],
  "s_after": [
    -0.014441320672631264,
    -0.04034927487373352
  ],
  "trace": [
    {
      "iter": 1,
      "phase": "all",
      "candidates_gains": [
        [
          0.00023464486002922058,
          -0.0018789265304803848
        ],
        [
          9.313970804214478e-05,
          0.00998777523636818
        ],
        [
          0.0017006844282150269,
          0.0009983908385038376
        ],
        [
          -0.003294866532087326,
          -0.005353530868887901
        ],
        [
          -0.014853052794933319,
          -0.006757427006959915
        ],
        [
          -0.000437811017036438,
          -0.0033072400838136673
        ],
        [
          -0.0011565163731575012,
          -0.00019037164747714996
        ],
        [
          -0.0009683966636657715,
          -0.0033955899998545647
        ],
        [
          0.0006470382213592529,
          -0.0009043104946613312
        ],
        [
          -0.003477923572063446,
          0.00992392934858799
        ],
        [
          0.01130799949169159,
          0.02793910726904869
        ],
        [
          0.014972532168030739,
          0.02515304647386074
        ],
        [
          0.0002265721559524536,
          0.003947864286601543
        ],
        [
          0.0029952600598335266,
          0.011648138985037804
        ],
        [
          0.003723088651895523,
          0.012998159974813461
        ],
        [
          0.004655271768569946,
          0.01714146137237549
        ],
        [
          0.005100995302200317,
          0.024372927844524384
        ],
        [
          0.0280010886490345,
          0.024154774844646454
        ],
        [
          -0.0036516524851322174,
          0.007909268140792847
        ],
        [
          0.010283788666129112,
          0.02677995152771473
        ],
        [
          0.004872016608715057,
          0.01766054704785347
        ],
        [
          0.008118659257888794,
          0.029052430763840675
        ],
        [
          0.010104922577738762,
          0.020670104771852493
        ],
        [
          -0.011740759015083313,
          0.007279530167579651
        ],
        [
          -0.002237670123577118,
          -0.0006412225775420666
        ],
        [
          0.007130742073059082,
          0.025038128718733788
        ],
        [
          0.007077820599079132,
          0.004468186758458614
        ],
        [
          0.025504503399133682,
          -0.03405379503965378
        ],
        [
          0.007092177867889404,
          0.019591854885220528
        ],
        [
          0.004460033029317856,
          0.007595321163535118
        ],
        [
          0.008151385933160782,
          0.025851454585790634
        ],
        [
          -0.009900923818349838,
          0.012495188973844051
        ],
        [
          -0.001697193831205368,
          0.00853054504841566
        ],
        [
          0.008778855204582214,
          0.01701611839234829
        ],
        [
          0.002183087170124054,
          -0.00014383718371391296
        ],
        [
          0.010499723255634308,
          0.03319775313138962
        ],
        [
          -0.0016382671892642975,
          0.022933796048164368
        ],
        [
          0.021257460117340088,
          0.028882361948490143
        ],
        [
          0.035290975123643875,
          0.02945666015148163
        ]
      ],
      "candidates_scores": [
        0.001369270496070385,
        -0.0019686860032379627,
        0.00032745779026299715,
        0.0030351958703249693,
        0.001692308345809579,
        0.0021945773623883724,
        -9.993855201173574e-05,
        0.0021494256798177958,
        0.0008245664648711681,
        -0.002680370816960931,
        -0.0020828479900956154,
        -0.00038979481905698776,
        -0.0007193456403911114,
        -0.0014012312749400735,
        -0.0014456413919106126,
        -0.0019853664562106133,
        -0.003293505636975169,
        0.0007095113396644592,
        -0.002312184078618884,
        -0.0021684765815734863,
        -0.0020220025908201933,
        -0.003294065361842513,
        -0.0010019477922469378,
        -0.0038040578365325928,
        -5.062553100287914e-06,
        -0.002797415480017662,
        0.001300170086324215,
        0.02657061070203781,
        -0.001720113679766655,
        -0.00013665377628058195,
        -0.0026437263004481792,
        -0.004479222930967808,
        -0.0020455478224903345,
        -0.0006821718998253345,
        0.0007759131258353591,
        -0.003385107032954693,
        -0.0049144127406179905,
        -0.0002360059879720211,
        -0.00035086553543806076
      ],
      "candidates_types": [
        "semantic_preserving",
        "semantic_preserving",
        "semantic_preserving",
        "semantic_preserving",
        "semantic_preserving",
        "semantic_preserving",
        "semantic_preserving",
        "semantic_preserving",
        "semantic_preserving",
        "llm_rewrite",
        "llm_rewrite",
        "llm_rewrite",
        "llm_rewrite",
        "llm_rewrite",
        "llm_rewrite",
        "llm_rewrite",
        "llm_rewrite",
        "llm_rewrite",
        "llm_rewrite",
        "llm_rewrite",
        "llm_rewrite",
        "llm_rewrite",
        "llm_rewrite",
        "llm_rewrite",
        "llm_rewrite",
        "llm_rewrite",
        "llm_rewrite",
        "llm_rewrite",
        "llm_rewrite",
        "llm_rewrite",
        "llm_rewrite",
        "llm_rewrite",
        "llm_rewrite",
        "llm_rewrite",
        "llm_rewrite",
        "llm_rewrite",
        "llm_rewrite",
        "llm_rewrite",
        "llm_rewrite"
      ]
    },
    {
      "iter": 1,
      "phase": "llm_rewrite",
      "accepted_index": 27,
      "gain": [
        0.025504503399133682,
        -0.03405379503965378
      ]
    }
  ],
  "q_neg0": 0.01625005006790161,
  "q_pos1": 0.027705951966345305,
  "m_pos0": 0.001625005006790161,
  "m_neg1": 0.0027705951966345305,
  "T_pos0": 0.01787505507469177,
  "T_neg1": 0.030476547162979838
}