{
  "bits": "10",
  "required_delta_vec": {
    "k": 2,
    "q_neg0": 0.03205662593245506,
    "q_pos1": 0.031169484369456768,
    "m_pos0": 0.0032056625932455063,
    "m_neg1": 0.003116948436945677,
    "T_pos0": 0.03526228852570057,
    "T_neg1": 0.03428643280640244,
    "thresholds": {
      "m_pos": [
        0.0005579274147748947,
        0.003116948436945677
      ],
      "m_neg": [
        0.0032056625932455063,
        0.0
      ]
    },
    "stats_optional": {
      "quantile": 0.95,
      "q_pos": [
        0.005579274147748947,
        0.031169484369456768
      ],
      "q_neg": [
        0.03205662593245506,
        0.0
      ],
      "T_pos": [
        0.006137201562523842,
        0.03428643280640244
      ],
      "T_neg": [
        0.03526228852570057,
        0.0
      ]
    }
  },
  "s0": [
    0.056259095668792725,
    0.019163282588124275
  ],
  "s_after": [
    0.06112058460712433,
    -0.003815938951447606
  ],
  "trace": [
    {
      "iter": 1,
      "phase": "all",
      "candidates_gains": [
        [
          0.002323754131793976,
          0.026530688628554344
        ],
        [
          -0.023799587041139603,
          0.020339397713541985
        ],
        [
          -0.016781434416770935,
          0.009871406480669975
        ],
        [
          -0.02720414474606514,
          -0.0033079758286476135
        ],
        [
          -0.02132432535290718,
          0.023806219920516014
        ],
        [
          -0.010396488010883331,
          0.010456275194883347
        ],
        [
          -0.01632818579673767,
          -0.008589565753936768
        ],
        [
          -0.010564737021923065,
          -0.008184592239558697
        ],
        [
          -0.03505820408463478,
          0.008854517713189125
        ],
        [
          -0.011395998299121857,
          0.0018574018031358719
        ],
        [
          -0.03470100834965706,
          0.002903742715716362
        ],
        [
          -0.020856447517871857,
          0.026216847822070122
        ]
      ],
      "candidates_scores": [
        -0.004119809716939926,
        -0.008827797137200832,
        -0.005330568179488182,
        -0.003821650519967079,
        -0.009026109240949154,
        -0.0041705528274178505,
        0.0009387580212205648,
        0.0018932227976620197,
        -0.008782544173300266,
        -0.0026506800204515457,
        -0.007520950399339199,
        -0.009414659813046455
      ],
      "candidates_types": [
        "llm_rewrite",
        "llm_rewrite",
        "llm_rewrite",
        "llm_rewrite",
        "llm_rewrite",
        "llm_rewrite",
        "llm_rewrite",
        "llm_rewrite",
        "llm_rewrite",
        "llm_rewrite",
        "llm_rewrite",
        "llm_rewrite"
      ]
    },
    {
      "iter": 1,
      "phase": "llm_rewrite",
      "accepted_index": 7,
      "gain": [
        -0.010564737021923065,
        -0.008184592239558697
      ]
    },
    {
      "iter": 2,
      "phase": "all",
      "candidates_gains": [
        [
          0.004416119307279587,
          0.0012387260794639587
        ],
        [
          0.007955364882946014,
          0.0070539433509111404
        ],
        [
          0.006975829601287842,
          0.015517203137278557
        ],
        [
          0.013043779879808426,
          0.03471148759126663
        ],
        [
          -0.010223042219877243,
          0.03454238921403885
        ],
        [
          0.004903588443994522,
          0.041397906839847565
        ],
        [
          0.005889248102903366,
          0.002805214375257492
        ],
        [
          0.0010061077773571014,
          0.03177420049905777
        ],
        [
          -0.01319589838385582,
          0.02840864099562168
        ],
        [
          0.0003724731504917145,
          0.030650923028588295
        ],
        [
          -0.0077268145978450775,
          0.024006126448512077
        ],
        [
          -0.00992695614695549,
          0.03773590177297592
        ],
        [
          0.0018696673214435577,
          -0.009486927650868893
        ],
        [
          0.003248210996389389,
          0.003047012723982334
        ],
        [
          -0.002519305795431137,
          -0.021428126841783524
        ],
        [
          0.000798150897026062,
          0.0029498934745788574
        ],
        [
          -0.009966105222702026,
          0.0026289038360118866
        ],
        [
          0.001071784645318985,
          0.0023642275482416153
        ],
        [
          0.003966618329286575,
          -0.001932770013809204
        ],
        [
          -0.012079574167728424,
          -0.004036140162497759
        ],
        [
          0.0003351159393787384,
          0.013593630865216255
        ],
        [
          0.004508063197135925,
          0.007080623880028725
        ],
        [
          0.0012795887887477875,
          0.0040398258715868
        ],
        [
          0.015593260526657104,
          -0.014843061566352844
        ],
        [
          -0.009854599833488464,
          -0.0031064478680491447
        ],
        [
          -0.00655176118016243,
          -0.015329467132687569
        ],
        [
          0.015389051288366318,
          -0.00034224800765514374
        ],
        [
          0.003602132201194763,
          0.007350774481892586
        ]
      ],
      "candidates_scores": [
        0.0028416046407073736,
        0.004154483322054148,
        0.0017765858210623264,
        0.0021826368756592274,
        -0.008953086100518703,
        -0.004849216900765896,
        0.0035588520113378763,
        -0.005651005078107119,
        -0.008320908062160015,
        -0.005869616288691759,
        -0.006346588488668203,
        -0.009532571770250797,
        0.004158174619078636,
        0.001662922790274024,
        0.0059339446015655994,
        -3.162253415212035e-05,
        -0.002519001718610525,
        0.00027693441370502114,
        0.0033555717673152685,
        -0.0012033082311972976,
        -0.0024842917919158936,
        0.0017375455936416984,
        8.718669414520264e-05,
        0.015367861837148666,
        -0.0010376275749877095,
        0.0032951897010207176,
        0.010868420824408531,
        0.0010497603798285127
      ],
      "candidates_types": [
        "semantic_preserving",
        "semantic_preserving",
        "llm_rewrite",
        "llm_rewrite",
        "llm_rewrite",
        "llm_rewrite",
        "llm_rewrite",
        "llm_rewrite",
        "llm_rewrite",
        "llm_rewrite",
        "llm_rewrite",
        "llm_rewrite",
        "llm_rewrite",
        "llm_rewrite",
        "llm_rewrite",
        "retranslate",
        "retranslate",
        "retranslate",
        "retranslate",
        "retranslate",
        "retranslate",
        "retranslate",
        "retranslate",
        "retranslate",
        "retranslate",
        "retranslate",
        "retranslate",
        "retranslate"
      ]
    },
    {
      "iter": 2,
      "phase": "retranslate",
      "accepted_index": 23,
      "gain": [
        0.015593260526657104,
        -0.014843061566352844
      ]
    },
    {
      "iter": 3,
      "phase": "all",