{
  "quantile": 0.9,
  "per_bit": [
    0.03657028079032898,
    0.03401072323322296,
    0.028386253863573074,
    0.028621921315789223
  ],
  "num_pairs": 146,
  "weights": {
    "semantic_preserving": 0.2,
    "llm_rewrite": 0.5,
    "retranslate": 0.3
  },
  "quantiles": {
    "0.5": {
      "per_bit": [
        0.010133051313459873,
        0.010335857048630714,
        0.009248655289411545,
        0.008322982117533684
      ]
    },
    "0.55": {
      "per_bit": [
        0.011514534009620547,
        0.012569953687489033,
        0.011217338731512427,
        0.0097094951197505
      ]
    },
    "0.6": {
      "per_bit": [
        0.012827601283788681,
        0.013648736290633678,
        0.012991750612854958,
        0.011086639016866684
      ]
    },
    "0.65": {
      "per_bit": [
        0.016339485067874193,
        0.01591050811111927,
        0.014438167680054903,
        0.012082539964467287
      ]
    },
    "0.7": {
      "per_bit": [
        0.01857237797230482,
        0.01795941311866045,
        0.015793793834745884,
        0.014029117301106453
      ]
    },
    "0.75": {
      "per_bit": [
        0.022510536946356297,
        0.019796296954154968,
        0.018750815652310848,
        0.015731358900666237
      ]
    },
    "0.8": {
      "per_bit": [
        0.027108721435070038,
        0.021040238440036774,
        0.02085944637656212,
        0.01953807845711708
      ]
    },
    "0.85": {
      "per_bit": [
        0.032365698367357254,
        0.026639472227543592,
        0.024167688563466072,
        0.024007325060665607
      ]
    },
    "0.9": {
      "per_bit": [
        0.03657028079032898,
        0.03401072323322296,
        0.028386253863573074,
        0.028621921315789223
      ]
    },
    "0.95": {
      "per_bit": [
        0.046050624921917915,
        0.044000967405736446,
        0.041126844473183155,
        0.0418921047821641
      ]
    },
    "0.99": {
      "per_bit": [
        0.06979872435331347,
        0.0567608295008541,
        0.05596364159137013,
        0.05128423199057587
      ]
    }
  }
}