{
  "bits": "10",
  "required_delta_vec": {
    "k": 2,
    "q_neg0": 0.020360086113214493,
    "q_pos1": 0.022567628882825375,
    "m_pos0": 0.0020360086113214494,
    "m_neg1": 0.0022567628882825376,
    "T_pos0": 0.022396094724535943,
    "T_neg1": 0.02482439177110791,
    "thresholds": {
      "m_pos": [
        0.0002134288428351283,
        0.0022567628882825376
      ],
      "m_neg": [
        0.0020360086113214494,
        0.00195448393933475
      ]
    },
    "stats_optional": {
      "quantile": 0.95,
      "q_pos": [
        0.002134288428351283,
        0.022567628882825375
      ],
      "q_neg": [
        0.020360086113214493,
        0.019544839393347502
      ],
      "T_pos": [
        0.0023477172711864115,
        0.02482439177110791
      ],
      "T_neg": [
        0.022396094724535943,
        0.02149932333268225
      ]
    }
  },
  "s0": [
    0.014399328269064426,
    0.02173830382525921
  ],
  "s_after": [
    0.039017386734485626,
    -0.012794665060937405
  ],
  "trace": [
    {
      "iter": 1,
      "phase": "all",
      "candidates_gains": [
        [
          -0.007383410818874836,
          0.0008401032537221909
        ],
        [
          -0.00467319693416357,
          0.012430472299456596
        ],
        [
          0.0017403466627001762,
          0.003210604190826416
        ],
        [
          0.0018099071457982063,
          0.010082164779305458
        ],
        [
          0.002932014875113964,
          0.002262817695736885
        ],
        [
          -0.016272271052002907,
          -0.00524882972240448
        ],
        [
          -0.0158163383603096,
          -0.008133698254823685
        ],
        [
          0.013255699537694454,
          0.011331649497151375
        ],
        [
          0.00850923266261816,
          -0.009991270489990711
        ],
        [
          0.005235913209617138,
          0.0028704293072223663
        ],
        [
          -0.003281025215983391,
          0.016671879217028618
        ],
        [
          -0.0029559340327978134,
          0.0011475849896669388
        ],
        [
          -0.008081750944256783,
          0.011233368888497353
        ],
        [
          -0.013812346383929253,
          0.012452492490410805
        ],
        [
          -0.012634134851396084,
          -0.0010614041239023209
        ],
        [
          -0.03137001395225525,
          -0.0044402554631233215
        ],
        [
          -0.0023008687421679497,
          0.011546367779374123
        ],
        [
          -0.003239971585571766,
          -0.02128441073000431
        ],
        [
          -0.013174433261156082,
          0.006771331652998924
        ],
        [
          -0.015287197194993496,
          0.019325880333781242
        ],
        [
          -0.014880566857755184,
          0.010039547458291054
        ],
        [
          -0.013626893982291222,
          0.01951066218316555
        ],
        [
          -0.00985776074230671,
          0.022657567635178566
        ],
        [
          -0.004370604641735554,
          0.016153117641806602
        ],
        [
          0.012452262453734875,
          0.010249940678477287
        ],
        [
          -0.009918026626110077,
          0.009410109370946884
        ],
        [
          -0.006990100257098675,
          0.016840195283293724
        ],
        [
          -0.003612130880355835,
          0.015078669413924217
        ]
      ],
      "candidates_scores": [
        -0.0016447027446702123,
        -0.003420734079554677,
        0.00016100273933261633,
        -0.0011812092270702124,
        0.0009004832245409489,
        -0.00042782677337527275,
        0.0012169347610324621,
        0.003850822104141116,
        0.009307336062192917,
        0.0018421486020088196,
        -0.003990580793470144,
        -0.0008207038044929504,
        -0.0038630240596830845,
        -0.0052529675886034966,
        -0.0019552339799702168,
        -0.0038828132674098015,
        -0.002769447397440672,
        0.010814198292791843,
        -0.003989153075963259,
        -0.006922615692019463,
        -0.0049840230494737625,
        -0.006627511233091354,
        -0.006503065582364798,
        -0.004104744642972946,
        0.00369639927521348,
        -0.0038656271062791348,
        -0.00476605910807848,
        -0.0037381602451205254
      ],
      "candidates_types": [
        "semantic_preserving",
        "semantic_preserving",
        "semantic_preserving",
        "semantic_preserving",
        "semantic_preserving",
        "semantic_preserving",
        "semantic_preserving",
        "semantic_preserving",
        "llm_rewrite",
        "llm_rewrite",
        "llm_rewrite",
        "llm_rewrite",
        "llm_rewrite",
        "llm_rewrite",
        "llm_rewrite",
        "llm_rewrite",
        "llm_rewrite",
        "llm_rewrite",
        "llm_rewrite",
        "retranslate",
        "retranslate",
        "retranslate",
        "retranslate",
        "retranslate",
        "retranslate",
        "retranslate",
        "retranslate",
        "retranslate"
      ]
    },
    {
      "iter": 1,
      "phase": "llm_rewrite",
      "accepted_index": 17,
      "gain": [
        -0.003239971585571766,
        -0.02128441073000431
      ]
    },
    {
      "iter": 2,
      "phase": "all",