{
  "finetuned_codet5": {
    "threshold": -1.0,
    "metrics": {
      "accuracy": 0.5043347782594199,
      "precision": 0.5043347782594199,
      "recall": 1.0,
      "f1": 0.6705086999889172,
      "auc": 0.010440131986779082
    },
    "description": "微调后的CodeT5模型",
    "score_stats": {
      "min": 0.028918270021677017,
      "max": 1.0000001192092896,
      "mean": 0.9120508432388306,
      "std": 0.16190050542354584,
      "quantiles": {
        "10%": 0.6750417649745941,
        "25%": 0.9066539853811264,
        "50%": 0.9969565272331238,
        "75%": 0.9997021853923798,
        "90%": 0.9998914003372192
      }
    },
    "val_metrics": {
      "accuracy": 0.6043333333333333,
      "precision": 0.6043333333333333,
      "recall": 1.0,
      "f1": 0.753376272595055,
      "auc": 0.01495889232078906
    }
  },
  "base_codet5": {
    "threshold": -1.0,
    "metrics": {
      "accuracy": 0.5043347782594199,
      "precision": 0.5043347782594199,
      "recall": 1.0,
      "f1": 0.6705086999889172,
      "auc": 0.00784315033649957
    },
    "description": "原始未微调的CodeT5模型",
    "score_stats": {
      "min": 0.3570556640625,
      "max": 1.0000001192092896,
      "mean": 0.9474210143089294,
      "std": 0.07918801158666611,
      "quantiles": {
        "10%": 0.833198857307434,
        "25%": 0.9142272174358368,
        "50%": 0.9936104714870453,
        "75%": 0.9991542100906372,
        "90%": 0.9997586488723755
      }
    },
    "val_metrics": {
      "accuracy": 0.6043333333333333,
      "precision": 0.6043333333333333,
      "recall": 1.0,
      "f1": 0.753376272595055,
      "auc": 0.01163203504038743
    }
  },
  "codebert": {
    "threshold": -1.0,
    "metrics": {
      "accuracy": 0.5043347782594199,
      "precision": 0.5043347782594199,
      "recall": 1.0,
      "f1": 0.6705086999889172,
      "auc": 0.005867518409487033
    },
    "description": "原始CodeBERT模型",
    "score_stats": {
      "min": 0.8982041478157043,
      "max": 1.000000238418579,
      "mean": 0.9923163652420044,
      "std": 0.013276036828756332,
      "quantiles": {
        "10%": 0.9755377829074859,
        "25%": 0.9897953122854233,
        "50%": 0.9993641078472137,
        "75%": 0.9999650716781616,
        "90%": 0.999990701675415
      }
    },
    "val_metrics": {
      "accuracy": 0.6043333333333333,
      "precision": 0.6043333333333333,
      "recall": 1.0,
      "f1": 0.753376272595055,
      "auc": 0.01033697934648711
    }
  },
  "graphcodebert": {
    "threshold": -1.0,
    "metrics": {
      "accuracy": 0.5043347782594199,
      "precision": 0.5043347782594199,
      "recall": 1.0,
      "f1": 0.6705086999889172,
      "auc": 0.015831019116956186
    },
    "description": "原始GraphCodeBERT模型",
    "score_stats": {
      "min": 0.7308411598205566,
      "max": 1.000000238418579,
      "mean": 0.9804818034172058,
      "std": 0.03437066823244095,
      "quantiles": {
        "10%": 0.9422006368637085,
        "25%": 0.9741422235965729,
        "50%": 0.9970765709877014,
        "75%": 0.9997974187135696,
        "90%": 0.9999421417713166
      }
    },
    "val_metrics": {
      "accuracy": 0.6043333333333333,
      "precision": 0.6043333333333333,
      "recall": 1.0,
      "f1": 0.753376272595055,
      "auc": 0.02045788373866362
    }
  }
}