{
  "threshold": 0.5300000000000014,
  "metrics": {
    "accuracy": 0.9982585139318886,
    "precision": 1.0,
    "recall": 0.996517027863777,
    "f1": 0.9982554758674161,
    "auc": 0.9999961060683031
  },
  "config": {
    "model_path": "../Watermark4code/new_robust_model/best_model",
    "test_path": "contrastive_learning/datasets/csn_java/test_augmented_pairs_simple.jsonl",
    "val_path": "contrastive_learning/datasets/csn_java/valid_augmented_pairs_simple.jsonl",
    "batch_size": 128,
    "use_quantization": true,
    "encoder_only": true,
    "use_validation_threshold": true
  },
  "score_stats": {
    "min": -0.24626266956329346,
    "max": 1.0000001192092896,
    "mean": 0.4681975245475769,
    "std": 0.4647582471370697,
    "quantiles": {
      "10%": -0.0682709902524948,
      "25%": 0.002259850734844804,
      "50%": 0.44739900529384613,
      "75%": 0.9442013800144196,
      "90%": 0.9802189230918884
    }
  }
}