{
  "bits": "10",
  "required_delta_vec": {
    "k": 2,
    "q_neg0": 0.011126084066927423,
    "q_pos1": 0.005245763203129172,
    "m_pos0": 0.0011126084066927424,
    "m_neg1": 0.0005245763203129173,
    "T_pos0": 0.012238692473620166,
    "T_neg1": 0.005770339523442089
  },
  "s0": [
    -0.004346718080341816,
    -0.005680503323674202
  ],
  "s_after": [
    0.009370098821818829,
    -0.02214217185974121
  ],
  "trace": [
    {
      "iter": 1,
      "phase": "all",
      "candidates_gains": [
        [
          0.0008054329082369804,
          -0.024334415793418884
        ],
        [
          0.02109723538160324,
          -0.021045969799160957
        ],
        [
          0.014135393314063549,
          -0.0371689647436142
        ],
        [
          0.0042984941974282265,
          -0.012611974030733109
        ],
        [
          0.012945418246090412,
          -0.009489225223660469
        ],
        [
          0.004596314392983913,
          -0.025848453864455223
        ],
        [
          0.007781040854752064,
          -0.012147568166255951
        ],
        [
          0.010207385756075382,
          -0.02964295633137226
        ],
        [
          0.0021379319950938225,
          -0.04447949677705765
        ],
        [
          0.016395043581724167,
          -0.024750681594014168
        ],
        [
          0.020031534135341644,
          -0.030018748715519905
        ],
        [
          0.009398926980793476,
          -0.010433822870254517
        ],
        [
          0.015015597455203533,
          -0.026786064729094505
        ],
        [
          0.007980716414749622,
          -0.025443894788622856
        ],
        [
          0.0007107770070433617,
          -0.01200636476278305
        ],
        [
          0.014146075583994389,
          -0.016366058960556984
        ],
        [
          0.005197499878704548,
          -0.020108593627810478
        ],
        [
          0.0024813534691929817,
          -0.018770525231957436
        ],
        [
          0.003595528192818165,
          -0.006399027071893215
        ],
        [
          0.0007586712017655373,
          -0.012261927127838135
        ],
        [
          0.02240358665585518,
          -0.01918048784136772
        ],
        [
          0.008034012280404568,
          -0.012736851349473
        ],
        [
          0.016390182077884674,
          -0.016867894679307938
        ],
        [
          0.0058912308886647224,
          -0.015233336016535759
        ],
        [
          -0.004887206479907036,
          -0.03160452842712402
        ],
        [
          0.0089511564001441,
          -0.017948245629668236
        ],
        [
          0.012418349273502827,
          -0.016946403309702873
        ],
        [
          0.009428228251636028,
          -0.017169443890452385
        ],
        [
          0.00040960032492876053,
          -0.0017997552640736103
        ],
        [
          0.02323121577501297,
          -0.021503588184714317
        ],
        [
          -0.007148115895688534,
          0.0051589529030025005
        ],
        [
          -0.01624239608645439,
          0.004649441223591566
        ],
        [
          0.00282453466206789,
          -0.010479353368282318
        ],
        [
          -0.0029921354725956917,
          0.0021856504026800394
        ],
        [
          0.006725314073264599,
          0.015634188428521156
        ],
        [
          0.005533208139240742,
          -0.00573069229722023
        ],
        [
          0.012789067812263966,
          0.006436070892959833
        ],
        [
          0.00016191508620977402,
          -0.0009827413596212864
        ],
        [
          -0.0035911547020077705,
          0.0017883628606796265
        ],
        [
          0.026384621858596802,
          -0.028546182438731194
        ],
        [
          0.006102497689425945,
          0.005069572478532791
        ],
        [
          -0.004598737694323063,
          -0.00320272333920002
        ],
        [
          -0.004305277951061726,
          -0.0116505678743124
        ],
        [
          -0.0043488917872309685,
          -0.002258644439280033
        ],
        [
          0.00651483703404665,
          -0.0008895518258213997
        ],
        [
          -0.007589688524603844,
          0.009569183923304081
        ],
        [
          -0.0050798021256923676,
          0.0002689966931939125
        ],
        [
          0.0038409875705838203,
          -0.002715282142162323
        ],
        [
          -0.010605061426758766,
          -0.004044400528073311
        ],
        [
          -0.0074298204854130745,
          0.0020161853171885014
        ],
        [
          0.0012142052873969078,
          -0.044293127954006195
        ],
        [
          -0.013292341493070126,
          0.019857965409755707
        ],
        [
          -0.013600065372884274,
          -0.008749611675739288
        ],
        [
          -0.0018232660368084908,
          -0.007554801180958748
        ],
        [
          0.003258819691836834,
          -0.00898662582039833
        ],
        [
          -0.01585455611348152,
          0.008508320897817612
        ],
        [
          -0.003908720798790455,
          -0.0031383857131004333
        ],
        [
          0.0014862949028611183,
          -0.011496178805828094
        ],
        [
          -0.013861405663192272,
          -0.00787354726344347
        ],
        [
          -0.031930334866046906,
          0.02220095694065094
        ],
        [
          0.006831199862062931,
          -0.018449539318680763
        ],
        [
          -7.866602391004562e-05,
          -0.015492180362343788
        ],
        [
          0.008506550453603268,
          -0.012494141235947609
        ],
        [
          -0.009025040082633495,
          -0.014690132811665535
        ],
        [
          0.00023111607879400253,
          -0.019475512206554413
        ],
        [
          -0.008450428023934364,
          -0.004375992342829704
        ],
        [
          -0.0015332610346376896,
          0.0075307441875338554
        ],
        [
          -0.005102841183543205,
          -0.00422798004001379
        ]
      ],