{
  "bits": "10",
  "required_delta_vec": {
    "k": 2,
    "q_neg0": 0.008672030474990605,
    "q_pos1": 0.014595941398292761,
    "m_pos0": 0.0008672030474990606,
    "m_neg1": 0.0014595941398292762,
    "T_pos0": 0.009539233522489666,
    "T_neg1": 0.016055535538122036,
    "thresholds": {
      "m_pos": [
        0.002420525338500737,
        0.0014595941398292762
      ],
      "m_neg": [
        0.0008672030474990606,
        0.0022483682706952095
      ]
    },
    "stats_optional": {
      "quantile": 0.99,
      "q_pos": [
        0.02420525338500737,
        0.014595941398292761
      ],
      "q_neg": [
        0.008672030474990605,
        0.022483682706952092
      ],
      "T_pos": [
        0.026625778723508107,
        0.016055535538122036
      ],
      "T_neg": [
        0.009539233522489666,
        0.024732050977647302
      ]
    },
    "review_stats": {
      "passed_count": 48,
      "failed_reasons": {
        "SyntaxFail: generated code is not valid Java": 1,
        "所有API调用重试都失败": 1
      }
    }
  },
  "s0": [
    -0.0007261827122420073,
    0.010646242648363113
  ],
  "s_after": [
    0.009161955676972866,
    -0.012122506275773048
  ],
  "trace": [
    {
      "iter": 1,
      "phase": "all",
      "candidates_gains": [
        [
          -0.008905689232051373,
          0.0013972129672765732
        ],
        [
          -0.015406525693833828,
          -0.0071263182908296585
        ],
        [
          -0.0008748502004891634,
          -0.007708463817834854
        ],
        [
          -0.0030437104869633913,
          0.004526970908045769
        ],
        [
          -0.004321548156440258,
          -0.002079494297504425
        ],
        [
          -0.0001893781591206789,
          -0.003972414880990982
        ],
        [
          -0.0052656857296824455,
          -0.0052706580609083176
        ],
        [
          -0.008746537379920483,
          -0.004785342141985893
        ],
        [
          -0.0022187952417880297,
          -0.003951162099838257
        ],
        [
          -0.0014968879986554384,
          -0.0028161387890577316
        ],
        [
          -0.0015959248412400484,
          -0.003154441714286804
        ],
        [
          -0.01092828530818224,
          -0.003940744325518608
        ],
        [
          -0.006507162936031818,
          -0.0020122043788433075
        ],
        [
          -0.013618889264762402,
          -0.006237163208425045
        ],
        [
          -0.01085416879504919,
          -0.007501984015107155
        ],
        [
          -0.007228258065879345,
          -0.0019866768270730972
        ],
        [
          -0.0028381284791976213,
          -0.003719680942595005
        ],
        [
          -0.010874002240598202,
          -0.007700446993112564
        ],
        [
          -0.0008634284604340792,
          -0.003625180572271347
        ],
        [
          -0.002899742918089032,
          -0.0035279877483844757
        ],
        [
          -0.0028222010005265474,
          -0.001716727390885353
        ],
        [
          -0.007027006708085537,
          -0.004924803972244263
        ],
        [
          -0.0004638500977307558,
          -0.001416543498635292
        ],
        [
          -2.730567939579487e-05,
          0.004445431753993034
        ],
        [
          -0.0005356923211365938,
          0.0007401555776596069
        ],
        [
          -0.0003475428093224764,
          -0.005787946283817291
        ],
        [
          -0.007108238525688648,
          -0.0021961871534585953
        ],
        [
          0.0006554618012160063,
          -1.5191733837127686e-05
        ],
        [
          -0.005611478351056576,
          -0.00042360275983810425
        ],
        [
          -0.0042946310713887215,
          -0.0040592048317193985
        ],
        [
          -0.0023668811190873384,
          -0.003975505009293556
        ],
        [
          -0.005193340592086315,
          -0.006550667807459831
        ],
        [
          -0.0022888921666890383,
          -0.0034953318536281586
        ],
        [
          -0.004332368262112141,
          -0.0010287072509527206
        ],
        [
          -0.0066889068111777306,
          -0.002601463347673416
        ],
        [
          0.0037274181377142668,
          0.00048111099749803543
        ],
        [
          0.0027471191715449095,
          -0.00021194294095039368
        ],
        [
          -0.006148953922092915,
          -0.0012864507734775543
        ],
        [
          0.01870114728808403,
          -0.0034434013068675995
        ],
        [
          0.0028411231469362974,
          -0.011368218809366226
        ],
        [
          0.020242631435394287,
          -0.005693035200238228
        ],
        [
          0.0022747411858290434,
          0.0012688962742686272
        ],
        [
          0.017794694751501083,
          -0.011236883699893951
        ],
        [
          0.003908670507371426,
          0.001444314606487751
        ],
        [
          0.012706910260021687,
          -0.009533978998661041
        ],
        [
          0.012007958255708218,
          0.004749476909637451
        ],
        [
          0.014501969330012798,
          -0.005444065667688847
        ],
        [
          -0.0050401510670781136,
          0.0005971267819404602
        ],
        [
          0.022247670218348503,
          -0.009214634075760841
        ],
        [
          0.020111996680498123,
          0.0022760843858122826
        ],
        [
          -0.003919919021427631,
          -3.682449460029602e-05
        ],
        [
          0.01719377562403679,
          0.01278175413608551
        ],
        [
          0.0037730231415480375,
          9.370781481266022e-05
        ],
        [
          -0.009994858875870705,
          -0.0019475501030683517
        ],
        [
          -5.773198790848255e-05,
          -0.023029539734125137
        ],
        [
          0.013238497078418732,
          -0.00435841828584671
        ],
        [
          -0.0031337302643805742,
          -0.0014066612347960472
        ],
        [
          0.009469323791563511,
          -0.012303894385695457
        ],
        [
          0.004603010602295399,
          0.00041826721280813217
        ],
        [
          -0.004641241393983364,
          -0.00038647279143333435
        ],
        [
          -0.0056065162643790245,
          -0.0037627294659614563
        ],
        [
          -0.002538608619943261,
          0.01068086177110672
        ],
        [
          0.006886719726026058,
          -0.021687699481844902
        ],
        [
          -0.002155003370717168,
          0.001239050179719925
        ],
        [
          0.0006228394340723753,
          0.0014210324734449387
        ],
        [
          0.019915755838155746,
          -0.00928692426532507
        ]
      ],