{
  "bits": "10",
  "required_delta_vec": {
    "k": 2,
    "q_neg0": 0.010170907154679302,
    "q_pos1": 0.010644123610109092,
    "m_pos0": 0.0010170907154679304,
    "m_neg1": 0.0010644123610109091,
    "T_pos0": 0.011187997870147232,
    "T_neg1": 0.011708535971120001,
    "thresholds": {
      "m_pos": [
        0.002409290578216316,
        0.0010644123610109091
      ],
      "m_neg": [
        0.0010170907154679304,
        0.00152109787799418
      ]
    },
    "stats_optional": {
      "quantile": 0.95,
      "q_pos": [
        0.02409290578216316,
        0.010644123610109092
      ],
      "q_neg": [
        0.010170907154679302,
        0.0152109787799418
      ],
      "T_pos": [
        0.026502196360379475,
        0.011708535971120001
      ],
      "T_neg": [
        0.011187997870147232,
        0.016732076657935982
      ]
    },
    "review_stats": {
      "passed_count": 23,
      "failed_reasons": {
        "SyntaxFail: generated code is not valid Java": 26,
        "所有API调用重试都失败": 1
      }
    }
  },
  "s0": [
    -0.06091908738017082,
    -0.010294640436768532
  ],
  "s_after": [
    -0.04811421409249306,
    -0.041878215968608856
  ],
  "trace": [
    {
      "iter": 1,
      "phase": "all",
      "candidates_gains": [
        [
          -0.006638508290052414,
          0.0007024779915809631
        ],
        [
          -0.016920674592256546,
          0.0056757391430437565
        ],
        [
          -0.0007493942975997925,
          -0.0007168576121330261
        ],
        [
          -0.0006106458604335785,
          -6.628036499023438e-05
        ],
        [
          -0.008038748055696487,
          0.00023486744612455368
        ],
        [
          0.06614000350236893,
          0.03385757654905319
        ],
        [
          0.0030550360679626465,
          0.0005828961730003357
        ],
        [
          0.022186707705259323,
          -0.009469939395785332
        ],
        [
          0.04822428524494171,
          0.01591825857758522
        ],
        [
          -0.018164534121751785,
          0.001022513024508953
        ],
        [
          0.001528959721326828,
          0.003872954286634922
        ],
        [
          -0.0033542104065418243,
          0.0015176180750131607
        ],
        [
          0.07630832493305206,
          0.04104023426771164
        ],
        [
          0.05001244693994522,
          0.0038597043603658676
        ],
        [
          0.07404973357915878,
          0.019035279750823975
        ],
        [
          0.0774848610162735,
          0.006298507563769817
        ],
        [
          0.01179833710193634,
          -0.001654377207159996
        ],
        [
          0.009778935462236404,
          0.0013069231063127518
        ],
        [
          -0.002316240221261978,
          -0.005303509533405304
        ],
        [
          0.012978125363588333,
          -0.031767792999744415
        ],
        [
          0.04546681419014931,
          0.020033888518810272
        ],
        [
          0.03496637940406799,
          0.02118784934282303
        ],
        [
          0.01327420398592949,
          -0.0013496074825525284
        ],
        [
          -0.001936051994562149,
          -0.003073093481361866
        ],
        [
          0.06402884423732758,
          0.029167912900447845
        ],
        [
          0.0058147720992565155,
          0.0011013476178050041
        ],
        [
          0.061236634850502014,
          0.0342840775847435
        ],
        [
          0.043167270720005035,
          -0.00016577541828155518
        ],
        [
          -0.0029758699238300323,
          0.004593229852616787
        ],
        [
          0.04211662709712982,
          0.03659401834011078
        ],
        [
          0.04469290375709534,
          0.004685884807258844
        ],
        [
          0.0015172213315963745,
          0.006814423017203808
        ],
        [
          0.0036949850618839264,
          -0.018483633175492287
        ],
        [
          0.017241258174180984,
          0.00744620431214571
        ],
        [
          0.011639703065156937,
          -0.00399043969810009
        ]
      ],
      "candidates_scores": [
        -0.0014681973261758685,
        -0.004519282840192318,
        0.00022076880850363523,
        -8.785924001131207e-05,
        -0.0016547230770811439,
        -0.0013682618737220764,
        0.0013588533038273454,
        0.010299638845026493,
        0.0022196019999682903,
        -0.0038374094292521477,
        -3.617838956415653e-05,
        -0.0009743656846694648,
        -0.0028047929517924786,
        0.004631313029676676,
        0.0015961977187544107,
        0.0041435519233345985,
        0.006258641369640827,
        0.004461361560970545,
        0.002278905129060149,
        0.011457093991339207,
        0.001396475825458765,
        0.0011656838469207287,
        0.006101061590015888,
        0.0012017172994092107,
        -0.00043032877147197723,
        0.0025879801250994205,
        -0.001453561708331108,
        0.005488967057317495,
        -0.0015138199087232351,
        -0.001915549859404564,
        0.004466076847165823,
        -0.0006301411776803434,
        0.007838336750864983,
        0.00391401257365942,
        0.007466490380465984
      ],
      "candidates_types": [
        "semantic_preserving",
        "semantic_preserving",
        "semantic_preserving",
        "semantic_preserving",
        "semantic_preserving",
        "llm_rewrite",
        "llm_rewrite",
        "llm_rewrite",
        "llm_rewrite",
        "llm_rewrite",
        "llm_rewrite",
        "llm_rewrite",
        "llm_rewrite",
        "llm_rewrite",
        "llm_rewrite",
        "llm_rewrite",
        "llm_rewrite",
        "llm_rewrite",
        "llm_rewrite",
        "llm_rewrite",
        "llm_rewrite",
        "llm_rewrite",
        "llm_rewrite",
        "llm_rewrite",
        "llm_rewrite",
        "llm_rewrite",
        "llm_rewrite",
        "llm_rewrite",
        "llm_rewrite",
        "llm_rewrite",
        "llm_rewrite",
        "llm_rewrite",
        "llm_rewrite",
        "llm_rewrite",
        "llm_rewrite"
      ]
    },
    {
      "iter": 1,
      "phase": "llm_rewrite",
      "accepted_index": 19,
      "gain": [
        0.012978125363588333,
        -0.031767792999744415
      ]
    }
  ],
  "q_neg0": 0.010170907154679302,
  "q_pos1": 0.010644123610109092,
  "m_pos0": 0.0010170907154679304,
  "m_neg1": 0.0010644123610109091,
  "T_pos0": 0.011187997870147232,
  "T_neg1": 0.011708535971120001
}