{
  "bits": "10",
  "required_delta_vec": {
    "k": 2,
    "q_neg0": 0.004274772852659223,
    "q_pos1": 0.007805991685017938,
    "m_pos0": 0.0004274772852659223,
    "m_neg1": 0.0007805991685017939,
    "T_pos0": 0.004702250137925145,
    "T_neg1": 0.008586590853519732
  },
  "s0": [
    0.04626726731657982,
    -0.004994087852537632
  ],
  "s_after": [
    0.051146265119314194,
    -0.01445682067424059
  ],
  "trace": [
    {
      "iter": 1,
      "phase": "all",
      "candidates_gains": [
        [
          0.0110727958381176,
          -0.005500842817127705
        ],
        [
          0.010819565504789352,
          -0.009252043440937996
        ],
        [
          0.012286901473999023,
          -0.0007397420704364777
        ],
        [
          0.0076918825507164,
          -0.015021330676972866
        ],
        [
          -0.01146845892071724,
          -0.008390664122998714
        ],
        [
          0.00376887246966362,
          -0.006325422786176205
        ],
        [
          0.01328505203127861,
          0.007496688049286604
        ],
        [
          -0.010062295943498611,
          -0.01108813937753439
        ],
        [
          0.013867083936929703,
          -0.0023719649761915207
        ],
        [
          0.009965509176254272,
          -0.008952216245234013
        ],
        [
          0.0042200759053230286,
          -0.03082767128944397
        ],
        [
          0.007272694259881973,
          -0.022569146007299423
        ],
        [
          0.025052588433027267,
          0.006585057824850082
        ],
        [
          0.012353714555501938,
          -0.006843688897788525
        ],
        [
          0.010685000568628311,
          -0.00630507618188858
        ],
        [
          0.008131150156259537,
          -0.010702322237193584
        ],
        [
          -0.005671817809343338,
          -0.011086839251220226
        ],
        [
          0.01923893764615059,
          0.0017759120091795921
        ],
        [
          0.009146086871623993,
          0.005169536918401718
        ],
        [
          0.004227060824632645,
          -0.025457996875047684
        ],
        [
          0.014688488095998764,
          0.0021969806402921677
        ],
        [
          0.015380211174488068,
          -0.01744120940566063
        ],
        [
          0.008772838860750198,
          -0.008690450340509415
        ],
        [
          0.013299793004989624,
          -0.0032761720940470695
        ],
        [
          0.016619671136140823,
          -0.00367540679872036
        ],
        [
          0.009147800505161285,
          -0.008548146113753319
        ],
        [
          -0.0048172809183597565,
          -0.009782953187823296
        ],
        [
          0.006808701902627945,
          -0.0033562537282705307
        ],
        [
          0.01030602678656578,
          0.00260190200060606
        ],
        [
          0.01090412586927414,
          -0.0041090017184615135
        ],
        [
          0.0025043748319149017,
          -0.009361612610518932
        ],
        [
          0.0030180513858795166,
          -0.01117147970944643
        ],
        [
          0.0051262713968753815,
          0.011083140969276428
        ],
        [
          0.009978961199522018,
          0.012803900055587292
        ],
        [
          0.003024887293577194,
          0.005258054938167334
        ],
        [
          0.00216115266084671,
          -0.01528786588460207
        ],
        [
          0.010476987808942795,
          -0.03387366235256195
        ],
        [
          0.0020830631256103516,
          -0.025109946727752686
        ],
        [
          0.0048027075827121735,
          -0.0067499903962016106
        ],
        [
          0.004218745976686478,
          -0.00035894010215997696
        ],
        [
          0.006203074008226395,
          -0.01552883256226778
        ],
        [
          -0.00807163491845131,
          -0.015468471683561802
        ],
        [
          0.01523556187748909,
          -0.03265484422445297
        ],
        [
          -0.002771180123090744,
          -0.021769221872091293
        ],
        [
          0.005878198891878128,
          -0.010180280543863773
        ],
        [
          0.0018741115927696228,
          0.007329680025577545
        ],
        [
          -0.005221020430326462,
          -0.020392756909132004
        ],
        [
          0.001068364828824997,
          -0.004446173086762428
        ],
        [
          0.0008792020380496979,
          -0.017689168453216553
        ],
        [
          -0.004603918641805649,
          -0.019619915634393692
        ],
        [
          0.00545908510684967,
          -0.0007504662498831749
        ],
        [
          0.014132596552371979,
          -0.03378714621067047
        ],
        [
          0.0035746581852436066,
          -0.010532906278967857
        ],
        [
          0.0025648660957813263,
          -0.004420963115990162
        ],
        [
          -0.006332281976938248,
          -0.01763152703642845
        ],
        [
          0.005708582699298859,
          -0.010163950733840466
        ],
        [
          0.002535853534936905,
          -0.02051491290330887
        ],
        [
          -0.004628825932741165,
          -0.008154472336173058
        ],
        [
          0.0029778704047203064,
          -0.028333570808172226
        ],
        [
          -0.0007340088486671448,
          -0.033929795026779175
        ],
        [
          -0.00024544447660446167,
          -0.01607585698366165
        ],
        [
          0.004808258265256882,
          -0.009659421630203724
        ],
        [
          0.0025389082729816437,
          -0.010973121039569378
        ],
        [
          -0.0030270926654338837,
          -0.031544942408800125
        ],
        [
          -0.002734750509262085,
          -0.008560269139707088
        ],
        [
          0.00037990882992744446,
          -0.014851725660264492
        ],
        [
          -0.003029134124517441,
          -0.040368858724832535
        ],
        [
          0.003305859863758087,
          -0.012682749889791012
        ],
        [
          0.0017837174236774445,
          -0.026469875127077103
        ]
      ],