{
  "total": 2,
  "success": 2,
  "failed": 0,
  "items": [
    {
      "idx": 0,
      "ok": true,
      "delta": [
        0.015336111187934875,
        -0.020316951209679246,
        0.03484965115785599,
        0.05870802793651819
      ]
    },
    {
      "idx": 1,
      "ok": true,
      "delta": [
        0.034332950599491596,
        -0.0028988905251026154,
        0.02490617334842682,
        0.027689939364790916
      ]
    }
  ]
}