{
  "bits": "10",
  "required_delta_vec": {
    "k": 2,
    "q_neg0": 0.06200540289282799,
    "q_pos1": 0.0011118616908788715,
    "m_pos0": 0.0062005402892828,
    "m_neg1": 0.00011118616908788715,
    "T_pos0": 0.06820594318211079,
    "T_neg1": 0.0012230478599667587
  },
  "s0": [
    0.09562968462705612,
    -0.008312923833727837
  ],
  "s_after": [
    0.09562968462705612,
    -0.008312923833727837
  ],
  "trace": [
    {
      "iter": 1,
      "phase": "all",
      "candidates_gains": [
        [
          -0.058136116713285446,
          0.002376333810389042
        ],
        [
          -0.033336278051137924,
          0.009739280678331852
        ],
        [
          -0.045525260269641876,
          0.0028575314208865166
        ],
        [
          -0.043386511504650116,
          0.0063702440820634365
        ],
        [
          -0.010156109929084778,
          -0.009234171360731125
        ],
        [
          -0.03197123855352402,
          -0.006332678720355034
        ],
        [
          -0.01581723242998123,
          0.009925172664225101
        ],
        [
          -0.04709147661924362,
          0.007153626531362534
        ],
        [
          -0.03655226528644562,
          0.006237918511033058
        ],
        [
          -0.02400011569261551,
          0.017492031678557396
        ],
        [
          -0.0007522180676460266,
          -0.009372437372803688
        ],
        [
          -0.038531117141246796,
          -9.018369019031525e-05
        ],
        [
          -0.04711034521460533,
          0.002129849512130022
        ],
        [
          -0.06329888105392456,
          0.002433055080473423
        ],
        [
          -0.029501549899578094,
          0.01643356867134571
        ],
        [
          -0.03558137267827988,
          0.003176676109433174
        ],
        [
          -0.06051119416952133,
          0.0008706524968147278
        ],
        [
          -0.050027165561914444,
          0.00093039870262146
        ],
        [
          -0.04788952320814133,
          0.007497877813875675
        ],
        [
          -0.048555970191955566,
          0.012673942372202873
        ],
        [
          -0.038599610328674316,
          0.01959143951535225
        ],
        [
          -0.019367150962352753,
          -0.006119305267930031
        ],
        [
          -0.0424809604883194,
          -0.010274151340126991
        ],
        [
          -0.054792411625385284,
          0.0032561016269028187
        ],
        [
          -0.04633127897977829,
          0.005957958288490772
        ],
        [
          -0.04249081388115883,
          0.0025577619671821594
        ],
        [
          -0.03856220841407776,
          0.007233417127281427
        ],
        [
          -0.03564359247684479,
          0.010673120617866516
        ],
        [
          -0.011106431484222412,
          -0.010543862357735634
        ],
        [
          -0.011540204286575317,
          -0.010089846327900887
        ],
        [
          -0.022228866815567017,
          -0.00952191837131977
        ],
        [
          -0.016777947545051575,
          0.007276056334376335
        ],
        [
          -0.02282671630382538,
          -0.011012248694896698
        ],
        [
          -0.0273246169090271,
          -0.010494539514183998
        ],
        [
          -0.016006752848625183,
          -0.002787325531244278
        ],
        [
          -0.026282869279384613,
          -0.010764837265014648
        ],
        [
          -0.025754623115062714,
          -0.004054642282426357
        ],
        [
          -0.001467376947402954,
          -0.02020145207643509
        ],
        [
          -0.021988682448863983,
          -0.010150546208024025
        ],
        [
          -0.021822519600391388,
          -0.009423380717635155
        ],
        [
          -0.024313166737556458,
          -0.010033225640654564
        ],
        [
          -0.018503010272979736,
          -0.018031759187579155
        ],
        [
          -0.02679271250963211,
          -0.007084064185619354
        ],
        [
          -0.01643729954957962,
          -0.0003208490088582039
        ],
        [
          -0.03232502192258835,
          -0.0065098777413368225
        ],
        [
          -0.012368850409984589,
          0.0012968732044100761
        ],
        [
          -0.023449979722499847,
          -0.004434698261320591
        ],
        [
          -0.021148696541786194,
          -0.009586038067936897
        ],
        [
          -0.01793207973241806,
          -0.013123132288455963
        ],
        [
          -0.03518286347389221,
          -0.0028702346608042717
        ],
        [
          -0.01436053216457367,
          -0.02290394715964794
        ],
        [
          -0.03904157876968384,
          -0.0173726137727499
        ],
        [
          -0.04129723832011223,
          -0.013282636180520058
        ],
        [
          -0.035438172519207,
          -0.017252547666430473
        ],
        [
          -0.03407919406890869,
          -0.006655498407781124
        ],
        [
          -0.00989040732383728,
          0.0010296357795596123
        ],
        [
          -0.03258909285068512,
          -0.014533692970871925
        ],
        [
          -0.026090309023857117,
          -0.0062822215259075165
        ],
        [
          -0.019855082035064697,
          -0.017736585810780525
        ],
        [
          -0.0331253781914711,
          -0.007222020998597145
        ],
        [
          -0.024840570986270905,
          -0.010067394003272057
        ],
        [
          -0.033026836812496185,
          -0.030955074355006218
        ],
        [
          -0.028497666120529175,
          -0.0034801410511136055
        ],
        [
          -0.038969047367572784,
          -0.01630469784140587
        ]
      ],
      "candidates_scores": [
        -0.012102490290999413,
        -0.00861511193215847,
        -0.009676557965576649,
        -0.009951351210474968,
        -0.002028292277827859,
        -0.0063913180492818356,
        -0.005148481111973524,
        -0.01084902137517929,
        -0.008558036759495735,
        -0.008298429660499096,
        -0.0001475138560635969,
        -0.007706007454544306,
        -0.009848039597272873,
        -0.013146387413144112,
        -0.009187024086713791,
        -0.007751609664410353,
        -0.012276369147002697,
        -0.01019151322543621,
        -0.011077480390667915,
        -0.012245982885360718,
        -0.011638210155069828,
        -0.003870500484481454,
        -0.008493262343108654,
        -0.011609703302383423,
        -0.010457848198711872,
        -0.009009715169668198,
        -0.00915912538766861,
        -0.009263343177735806,
        -0.0022183565888553858,
        -0.002305111149325967,
        -0.004442843608558178,
        -0.004810800775885582,
        -0.004562413319945335,
        -0.0054619936272501945,
        -0.00319842086173594,
        -0.005253644194453955,
        -0.005147994961589575,
        -0.00029054563492536545,
        -0.004394806455820799,
        -0.004361574072390795,
        -0.004859703592956066,
        -0.0036976723931729794,
        -0.005355612840503454,
        -0.0032866913825273514,
        -0.006462074350565672,
        -0.002733144909143448,
        -0.004687066189944744,
        -0.0042268093675374985,
        -0.0035834861919283867,
        -0.0070336428470909595,
        -0.0028691766783595085,
        -0.0078053860925138,
        -0.00825651828199625,
        -0.007084704469889402,
        -0.00681290915235877,
        -0.0021840084809809923,
        -0.006514888722449541,
        -0.005215132143348455,
        -0.003968086559325457,
        -0.006622145883738995,
        -0.004965184256434441,
        -0.006602437701076269,
        -0.005696603562682867,
        -0.007790879812091589
      ],