{
  "threshold": 0.5900000000000014,
  "metrics": {
    "accuracy": 0.9984520123839009,
    "precision": 0.9996121024049651,
    "recall": 0.9972910216718266,
    "f1": 0.9984502130956994,
    "auc": 0.9999971544345292
  },
  "config": {
    "model_path": "../Watermark4code/best_model",
    "test_path": "contrastive_learning/datasets/csn_java/test_augmented_pairs_simple.jsonl",
    "val_path": "contrastive_learning/datasets/csn_java/valid_augmented_pairs_simple.jsonl",
    "batch_size": 128,
    "use_quantization": true,
    "encoder_only": true,
    "use_validation_threshold": true
  },
  "score_stats": {
    "min": -0.2535651922225952,
    "max": 1.0000001192092896,
    "mean": 0.47029897570610046,
    "std": 0.46854057908058167,
    "quantiles": {
      "10%": -0.06715356037020682,
      "25%": -0.000543725211173296,
      "50%": 0.5072402656078339,
      "75%": 0.9495741724967957,
      "90%": 0.9837926149368286
    }
  }
}