{
  "bits": "10",
  "required_delta_vec": {
    "k": 2,
    "q_neg0": 0.03198573738336563,
    "q_pos1": 0.002839852124452591,
    "m_pos0": 0.0031985737383365635,
    "m_neg1": 0.0002839852124452591,
    "T_pos0": 0.03518431112170219,
    "T_neg1": 0.00312383733689785
  },
  "s0": [
    0.041460856795310974,
    0.03126329928636551
  ],
  "s_after": [
    0.08057250082492828,
    0.011933289468288422
  ],
  "trace": [
    {
      "iter": 1,
      "phase": "all",
      "candidates_gains": [
        [
          -0.052663978189229965,
          -0.0007621757686138153
        ],
        [
          -0.04435352608561516,
          -0.016821332275867462
        ],
        [
          -0.02900257334113121,
          -0.016455113887786865
        ],
        [
          -0.02369064837694168,
          -0.009112048894166946
        ],
        [
          -0.0329727903008461,
          -0.0009477250277996063
        ],
        [
          -0.02461080811917782,
          -0.03538345545530319
        ],
        [
          -0.028285259380936623,
          0.0011210516095161438
        ],
        [
          -0.013209037482738495,
          -0.02704411745071411
        ],
        [
          -0.03036513552069664,
          -0.03330215439200401
        ],
        [
          -0.010848410427570343,
          -0.04136224836111069
        ],
        [
          -0.019320212304592133,
          -0.03016871027648449
        ],
        [
          -0.028027206659317017,
          -0.02097145840525627
        ],
        [
          -0.03624691441655159,
          -0.006176907569169998
        ],
        [
          0.0011461004614830017,
          -0.012223288416862488
        ],
        [
          -0.010090164840221405,
          -0.0037622489035129547
        ],
        [
          -0.01657123863697052,
          -0.04117089882493019
        ],
        [
          -0.03878701478242874,
          -0.02792469784617424
        ],
        [
          -0.024032384157180786,
          -0.03226207196712494
        ],
        [
          -0.03376638516783714,
          -0.039774052798748016
        ],
        [
          -0.012158764526247978,
          -0.02644434943795204
        ],
        [
          -0.04887605458498001,
          -0.024741798639297485
        ],
        [
          -0.024870600551366806,
          -0.02303047850728035
        ],
        [
          -0.021252334117889404,
          -0.03194708004593849
        ],
        [
          -0.015523072332143784,
          -0.038118183612823486
        ],
        [
          -0.043444499373435974,
          -0.01612023636698723
        ],
        [
          -0.026592712849378586,
          -0.024408582597970963
        ],
        [
          -0.03237496688961983,
          -0.025543496012687683
        ],
        [
          -0.013655275106430054,
          -0.040798380970954895
        ],
        [
          -0.022952858358621597,
          -0.026161624118685722
        ],
        [
          -0.03175538033246994,
          -0.03429418057203293
        ],
        [
          -0.007191590964794159,
          -0.03138162940740585
        ],
        [
          -0.015453699976205826,
          -0.019807923585176468
        ],
        [
          -0.009804263710975647,
          -0.013277903199195862
        ],
        [
          -0.004439946264028549,
          -0.030872663483023643
        ],
        [
          -0.011297473683953285,
          -0.014299962669610977
        ],
        [
          -0.005259674042463303,
          -0.02366124466061592
        ],
        [
          -0.013520052656531334,
          -0.018784843385219574
        ],
        [
          -0.0074152871966362,
          -0.03479086235165596
        ],
        [
          -0.008884597569704056,
          -0.03053983673453331
        ],
        [
          -0.013524165377020836,
          -0.03372528403997421
        ],
        [
          -0.009503409266471863,
          -0.02427806332707405
        ],
        [
          0.005016222596168518,
          -0.019495802000164986
        ],
        [
          -0.010010313242673874,
          -0.02418779954314232
        ],
        [
          -0.014736734330654144,
          -0.020626239478588104
        ],
        [
          -0.012931078672409058,
          -0.011050675064325333
        ],
        [
          -0.012665152549743652,
          -0.03432094678282738
        ],
        [
          -0.007354207336902618,
          -0.02081223577260971
        ],
        [
          -0.008306816220283508,
          -0.04211465269327164
        ],
        [
          -0.013198090717196465,
          -0.01639137789607048
        ],
        [
          -0.007433958351612091,
          -0.04738341271877289
        ],
        [
          -0.01120990701019764,
          -0.022198786959052086
        ],
        [
          -0.010316707193851471,
          -0.01978740654885769
        ],
        [
          -0.015230782330036163,
          -0.03697604686021805
        ],
        [
          -0.013681843876838684,
          -0.020001418888568878
        ],
        [
          -0.015288427472114563,
          -0.008607137948274612
        ],
        [
          -0.014998150989413261,
          -0.0005080308765172958
        ],
        [
          -0.016128841787576675,
          0.0037180930376052856
        ],
        [
          -0.030109623447060585,
          -0.014458220452070236
        ],
        [
          -0.019808337092399597,
          -0.0013697333633899689
        ],
        [
          -0.02304547093808651,
          0.0007100477814674377
        ],
        [
          -0.009472839534282684,
          -0.0016425028443336487
        ],
        [
          -0.02279723435640335,
          -0.008994055911898613
        ],
        [
          -0.018771573901176453,
          -0.00020499154925346375
        ],
        [
          -0.030924081802368164,
          -0.013046203181147575
        ],
        [
          -0.029706338420510292,
          -0.007877275347709656
        ],
        [
          -0.016910621896386147,
          -0.0023878514766693115
        ],
        [
          -0.01838824525475502,
          0.006057567894458771
        ],
        [
          -0.03634042665362358,
          -0.01841799169778824
        ],
        [
          -0.03565317392349243,
          -0.019821075722575188
        ],
        [
          -0.02724974974989891,
          -0.013032589107751846
        ]
      ],